id_produto,quantidade,updated_at
1,173,2024-10-25 09:20:58
2,257,2024-11-27 03:45:54
3,26,2025-03-12 06:49:28
4,293,2023-02-19 19:11:21
5,276,2022-12-07 13:22:14
6,380,2024-04-29 09:35:00
7,409,2023-12-23 11:04:21
8,424,2024-10-01 09:29:11
9,42,2023-04-29 07:19:31
10,172,2024-04-16 04:45:27
11,431,2025-06-10 03:35:26
12,180,2022-12-14 23:27:19
13,385,2023-10-29 07:58:27
14,275,2024-07-15 07:01:30
15,239,2023-11-14 02:20:21
16,134,2024-11-17 15:47:53
17,469,2024-03-21 09:03:44
18,443,2025-02-27 12:23:40
19,272,2023-01-20 14:06:05
20,307,2025-01-23 12:45:05
21,17,2025-10-03 05:48:01
22,7,2025-05-12 18:51:20
23,397,2023-04-05 12:07:35
24,488,2024-02-21 23:15:19
25,469,2025-07-26 07:55:46
26,73,2025-06-19 08:56:19
27,235,2023-06-08 06:58:04
28,100,2025-10-02 04:40:12
29,194,2025-09-07 01:54:13
30,402,2024-03-20 07:43:38
31,6,2023-01-27 04:55:41
32,207,2025-07-01 12:04:03
33,291,2025-08-01 14:16:54
34,412,2025-09-21 13:08:31
35,88,2025-09-11 19:47:31
36,202,2024-04-07 14:33:01
37,135,2022-11-25 02:04:11
38,110,2025-06-20 15:54:53
39,55,2025-10-23 20:02:22
40,394,2024-11-13 15:59:42
41,93,2023-11-02 12:31:49
42,172,2024-07-20 00:13:20
43,320,2025-01-08 01:12:12
44,407,2023-10-17 02:24:20
45,196,2023-05-30 22:26:46
46,337,2024-08-22 14:33:26
47,128,2025-07-28 16:38:11
48,82,2022-11-30 04:41:39
49,47,2023-11-17 17:03:54
50,453,2024-03-20 14:10:23
51,25,2025-07-01 17:24:17
52,1,2024-08-14 13:47:06
53,469,2024-02-09 12:25:39
54,210,2025-08-02 04:10:37
55,150,2024-12-05 00:21:43
56,72,2023-06-21 23:05:50
57,228,2024-11-07 06:04:14
58,251,2023-06-27 07:55:22
59,172,2025-03-13 18:48:47
60,143,2025-03-29 08:11:07
61,335,2024-07-20 02:59:10
62,398,2025-08-05 23:48:43
63,447,2024-04-04 03:28:26
64,435,2024-11-23 11:16:55
65,453,2023-01-22 20:55:57
66,473,2024-08-08 09:38:52
67,13,2024-03-13 15:10:25
68,437,2023-09-13 05:36:36
69,353,2024-12-17 12:52:29
70,406,2024-11-10 06:27:44
71,299,2024-05-14 05:41:36
72,12,2023-06-30 11:52:09
73,445,2023-10-08 23:39:00
74,287,2025-08-10 21:24:17
75,385,2025-09-09 12:02:11
76,294,2024-06-16 01:43:57
77,167,2024-05-07 19:24:21
78,452,2023-04-13 21:23:13
79,97,2023-05-04 18:48:13
80,46,2023-04-21 15:06:25
81,121,2022-12-21 02:51:59
82,435,2025-02-06 19:34:42
83,425,2025-04-03 17:15:23
84,328,2025-06-09 03:43:13
85,215,2024-06-08 18:53:47
86,134,2024-09-06 11:50:59
87,106,2025-04-03 05:27:06
88,143,2024-11-03 08:02:09
89,164,2025-05-10 08:22:23
90,185,2025-08-26 15:07:22
91,333,2022-12-19 11:04:42
92,11,2023-01-19 11:44:16
93,434,2024-01-21 15:19:22
94,278,2025-10-05 13:40:29
95,410,2024-11-16 06:25:14
96,168,2023-11-24 23:08:57
97,126,2025-08-05 03:14:48
98,119,2024-11-01 01:22:12
99,317,2025-01-12 05:18:28
100,22,2022-12-11 16:38:46
101,488,2024-03-17 00:52:52
102,457,2024-03-15 11:07:32
103,162,2023-06-21 21:44:11
104,150,2023-05-27 09:30:18
105,159,2023-01-21 18:07:06
106,328,2024-11-20 07:56:24
107,432,2024-06-08 15:16:21
108,287,2025-07-06 09:41:03
109,181,2023-04-23 15:54:37
110,319,2025-05-28 16:59:30
111,256,2023-01-04 19:54:15
112,332,2022-11-21 09:03:15
113,134,2024-03-19 12:14:03
114,459,2025-01-08 09:29:18
115,309,2023-05-24 15:00:49
116,0,2022-12-07 07:08:25
117,164,2024-05-08 17:01:18
118,67,2024-12-07 14:20:10
119,465,2023-02-11 12:34:49
120,435,2023-03-24 11:37:46
121,437,2023-06-23 06:42:31
122,44,2025-06-04 08:08:54
123,66,2025-01-07 15:10:42
124,85,2023-03-21 09:14:44
125,154,2024-04-25 02:00:16
126,462,2022-11-27 16:21:01
127,429,2023-08-12 08:47:01
128,318,2023-07-08 03:34:41
129,194,2023-02-20 07:01:59
130,14,2024-06-03 07:28:49
131,164,2024-09-16 14:13:38
132,29,2023-01-28 04:30:12
133,106,2024-08-14 22:53:57
134,134,2023-02-05 06:15:43
135,108,2024-09-18 20:58:06
136,383,2024-07-07 03:18:38
137,442,2024-03-11 04:01:09
138,62,2024-01-18 00:56:32
139,170,2024-03-08 13:01:56
140,288,2024-07-08 12:05:27
141,57,2025-05-22 20:05:21
142,195,2025-03-08 23:42:20
143,337,2025-07-09 15:53:24
144,317,2023-09-02 01:09:37
145,161,2023-10-04 19:10:27
146,478,2024-08-13 09:38:00
147,183,2023-11-20 14:53:44
148,402,2023-10-13 23:37:54
149,64,2025-01-11 13:43:07
150,428,2023-04-18 03:39:57
151,339,2023-08-15 15:03:10
152,144,2025-08-28 11:46:01
153,149,2024-12-12 18:21:08
154,72,2024-03-30 14:45:18
155,38,2022-12-21 06:56:11
156,475,2025-10-24 09:57:31
157,207,2025-06-30 19:48:39
158,500,2023-05-30 23:25:01
159,115,2023-03-22 22:14:06
160,4,2023-07-07 16:38:44
161,345,2024-07-03 12:08:54
162,404,2025-08-17 09:05:02
163,142,2023-09-10 06:55:13
164,271,2024-07-24 01:17:02
165,477,2023-10-06 23:48:37
166,33,2023-10-14 16:01:50
167,357,2023-09-22 14:01:34
168,152,2024-06-26 21:14:13
169,381,2023-02-13 14:08:55
170,135,2024-10-16 20:31:01
171,465,2024-03-15 17:37:34
172,179,2024-09-11 10:39:05
173,475,2025-01-31 22:57:16
174,200,2024-09-09 11:36:16
175,92,2024-01-15 22:56:12
176,100,2025-08-28 23:13:10
177,170,2023-12-02 04:38:31
178,19,2025-08-30 03:48:09
179,493,2025-10-04 23:21:09
180,94,2024-06-01 16:21:49
181,194,2022-12-07 01:58:52
182,413,2022-12-03 02:04:48
183,13,2023-12-16 04:09:28
184,76,2023-06-12 05:41:24
185,43,2025-10-07 20:25:21
186,359,2024-10-01 22:13:17
187,496,2025-09-22 20:59:32
188,106,2022-12-04 19:24:29
189,221,2023-11-30 12:22:55
190,206,2023-05-31 14:52:50
191,167,2025-03-18 19:47:53
192,6,2023-01-16 23:34:26
193,223,2024-09-21 04:27:05
194,255,2022-12-31 11:46:22
195,266,2025-06-14 07:03:05
196,160,2025-03-29 06:21:39
197,144,2023-10-13 02:44:30
198,430,2025-01-21 02:19:04
199,131,2024-10-10 15:36:48
200,220,2024-11-01 16:40:21
201,171,2023-02-03 06:21:54
202,24,2025-11-15 20:32:29
203,172,2023-05-14 02:35:49
204,478,2023-06-24 01:36:32
205,463,2025-11-17 23:41:03
206,27,2024-10-08 17:24:41
207,210,2024-07-30 02:29:50
208,224,2025-11-12 01:18:24
209,110,2023-02-15 15:16:39
210,23,2025-05-28 03:48:36
211,275,2024-09-11 11:31:36
212,406,2025-11-08 17:51:14
213,113,2025-06-22 07:11:02
214,225,2023-11-19 23:32:54
215,452,2023-11-22 17:34:02
216,260,2024-03-14 21:03:45
217,203,2025-08-11 22:49:06
218,267,2024-08-21 17:26:38
219,61,2024-09-19 17:54:10
220,76,2025-11-17 18:38:25
221,367,2024-09-20 10:48:20
222,433,2024-02-06 08:30:18
223,324,2023-07-16 12:59:53
224,61,2024-01-16 11:04:42
225,174,2025-09-06 07:34:19
226,300,2024-03-19 14:38:15
227,333,2023-02-06 13:39:45
228,36,2025-07-08 17:44:10
229,251,2025-09-25 09:30:53
230,181,2023-06-17 17:52:35
231,386,2024-10-15 09:17:09
232,24,2023-06-03 20:03:27
233,470,2024-03-11 02:17:52
234,7,2023-09-05 05:25:57
235,227,2023-09-20 02:26:28
236,195,2025-07-01 04:41:56
237,326,2023-02-01 13:26:05
238,58,2025-09-19 08:09:06
239,8,2024-02-02 11:14:22
240,235,2024-10-27 22:37:13
241,239,2024-11-15 19:28:30
242,452,2023-09-02 10:31:20
243,154,2024-05-23 08:05:24
244,12,2023-01-23 23:08:21
245,212,2024-03-15 09:55:46
246,249,2023-01-20 22:51:56
247,213,2024-01-17 07:51:07
248,69,2024-11-01 09:52:17
249,213,2024-08-18 12:57:24
250,173,2024-05-11 04:12:33
251,320,2023-04-30 22:56:17
252,53,2024-10-12 05:58:56
253,153,2024-11-10 10:29:28
254,26,2022-12-18 09:34:09
255,493,2025-10-14 11:09:00
256,317,2025-02-05 06:47:36
257,366,2024-12-27 11:26:47
258,265,2023-11-19 10:43:25
259,59,2024-05-17 14:25:18
260,138,2024-08-20 04:22:01
261,421,2025-08-07 23:08:43
262,142,2025-03-11 03:40:39
263,43,2023-09-11 07:44:37
264,430,2023-08-27 03:56:53
265,62,2024-06-22 07:01:13
266,109,2024-02-12 20:46:06
267,417,2023-09-13 07:59:34
268,84,2023-06-04 07:32:38
269,191,2025-08-22 09:13:22
270,439,2024-04-14 20:59:28
271,47,2024-11-24 02:25:47
272,123,2025-10-20 04:19:21
273,31,2023-11-25 03:29:14
274,65,2024-11-23 16:28:33
275,299,2023-02-26 16:36:02
276,99,2023-04-14 04:42:18
277,294,2023-09-03 16:23:09
278,345,2024-02-05 10:03:54
279,218,2024-12-30 19:56:28
280,462,2024-08-23 10:31:47
281,136,2025-03-27 12:40:27
282,369,2023-09-16 05:48:37
283,210,2025-05-06 13:14:53
284,92,2023-03-23 04:39:05
285,111,2024-10-23 03:10:43
286,280,2024-06-25 16:30:17
287,164,2023-04-21 02:38:25
288,19,2025-04-01 17:59:25
289,149,2023-08-07 02:36:27
290,21,2023-08-01 00:36:53
291,274,2023-11-17 18:53:19
292,153,2023-10-31 21:15:40
293,386,2024-02-02 10:06:08
294,77,2024-12-29 08:49:00
295,94,2023-12-27 08:09:11
296,277,2024-09-17 15:47:11
297,159,2023-07-19 11:34:11
298,78,2025-04-24 20:05:56
299,291,2024-07-26 00:08:12
300,498,2024-02-26 06:09:34
301,441,2025-09-22 17:41:50
302,216,2025-08-26 17:33:10
303,495,2024-04-17 15:23:32
304,89,2025-05-05 18:41:48
305,104,2025-06-01 11:57:41
306,38,2024-07-14 23:16:45
307,380,2025-09-22 06:37:08
308,424,2023-08-16 20:59:06
309,142,2022-11-21 18:52:19
310,296,2025-07-26 16:48:52
311,461,2024-02-16 12:06:13
312,438,2025-10-10 15:30:04
313,405,2024-05-20 04:37:00
314,359,2024-10-26 14:36:12
315,276,2025-08-08 18:05:41
316,417,2025-05-30 18:44:24
317,307,2024-11-28 05:44:35
318,261,2024-05-23 15:40:23
319,118,2024-10-17 14:15:54
320,9,2024-10-20 13:31:51
321,456,2024-10-05 20:25:33
322,293,2025-08-29 05:44:27
323,41,2024-03-23 00:24:36
324,331,2023-05-14 04:26:55
325,31,2025-06-21 05:25:35
326,34,2023-02-02 05:25:48
327,239,2024-06-23 03:35:23
328,18,2025-09-25 01:09:18
329,335,2025-03-23 06:12:35
330,282,2024-11-09 19:14:19
331,496,2023-02-24 05:16:01
332,387,2025-01-08 09:56:53
333,98,2024-02-17 01:03:39
334,75,2025-05-14 06:28:17
335,222,2022-12-25 17:32:14
336,473,2023-04-02 19:46:48
337,6,2023-09-11 10:23:38
338,265,2023-08-29 02:07:46
339,279,2022-12-02 15:12:52
340,206,2024-07-16 02:06:12
341,254,2024-06-25 00:52:32
342,95,2023-01-18 08:20:12
343,459,2024-10-04 07:36:48
344,281,2024-03-14 14:47:29
345,144,2025-02-28 10:15:24
346,74,2024-09-21 17:28:14
347,489,2025-09-30 16:47:13
348,52,2025-09-22 13:22:46
349,61,2025-06-19 11:16:55
350,323,2024-08-18 15:37:05
351,298,2025-09-17 09:20:08
352,58,2025-10-12 16:57:14
353,400,2023-09-12 04:03:03
354,96,2024-10-31 16:55:41
355,20,2024-10-13 05:08:42
356,255,2025-02-09 12:17:38
357,381,2025-10-29 09:50:11
358,344,2025-08-10 04:45:06
359,196,2023-01-04 12:04:36
360,10,2024-09-21 10:53:53
361,196,2023-01-02 11:26:56
362,185,2024-05-12 04:09:39
363,16,2023-11-26 05:43:45
364,11,2024-04-26 10:10:45
365,386,2025-01-25 16:07:32
366,155,2024-11-01 06:50:26
367,375,2024-03-24 11:42:05
368,180,2025-03-12 14:56:34
369,82,2023-12-28 19:03:03
370,127,2023-06-03 04:44:34
371,111,2025-08-25 05:53:52
372,379,2024-11-06 13:36:45
373,243,2024-10-05 09:24:05
374,106,2024-02-10 07:35:02
375,250,2023-06-11 15:36:07
376,198,2024-03-08 06:53:47
377,66,2023-02-11 18:41:05
378,340,2024-05-17 19:18:10
379,412,2024-05-29 13:01:44
380,46,2025-09-04 23:40:28
381,355,2024-07-31 12:37:13
382,140,2023-09-21 12:32:55
383,149,2023-11-20 14:25:03
384,464,2023-05-12 18:01:53
385,417,2024-01-21 07:37:26
386,241,2024-05-22 17:33:24
387,415,2024-11-04 13:23:54
388,330,2025-09-25 03:43:01
389,468,2025-03-25 20:35:23
390,300,2025-02-03 06:51:29
391,489,2023-05-14 11:10:36
392,21,2023-07-30 16:04:01
393,353,2023-12-05 22:15:56
394,414,2024-01-17 03:25:27
395,437,2023-10-30 13:48:56
396,23,2025-09-22 06:42:10
397,360,2024-02-25 13:22:55
398,388,2023-01-22 18:41:29
399,121,2025-03-06 05:14:59
400,177,2024-05-14 21:19:31
401,491,2025-09-24 06:41:22
402,226,2023-12-05 03:26:41
403,496,2024-03-06 19:47:57
404,145,2025-06-13 23:29:56
405,462,2025-01-25 01:37:25
406,244,2025-03-09 05:14:31
407,460,2024-03-04 23:30:48
408,11,2023-09-19 19:53:06
409,491,2024-06-25 17:51:26
410,429,2024-01-11 09:29:19
411,144,2025-09-13 01:08:18
412,72,2024-11-30 13:41:39
413,91,2023-02-25 13:17:21
414,136,2023-06-21 07:20:33
415,160,2023-08-17 02:35:18
416,110,2025-07-20 11:24:15
417,221,2022-12-14 03:09:03
418,483,2023-07-02 09:30:49
419,417,2024-12-22 21:29:15
420,204,2025-08-11 02:19:47
421,29,2023-07-26 21:44:07
422,72,2023-01-11 03:00:58
423,198,2023-10-08 13:45:51
424,245,2024-02-02 11:14:19
425,392,2024-05-10 01:15:23
426,256,2025-03-04 15:24:26
427,449,2023-10-26 07:56:14
428,304,2024-05-01 04:58:44
429,173,2023-10-25 16:02:11
430,332,2025-05-27 12:45:50
431,456,2024-07-30 18:46:16
432,435,2024-11-06 09:57:27
433,7,2025-10-02 16:46:05
434,29,2023-01-14 19:36:31
435,383,2023-03-08 23:17:02
436,175,2025-08-30 12:31:17
437,47,2025-05-08 22:00:55
438,194,2023-09-03 08:19:12
439,423,2025-07-27 17:10:33
440,497,2024-04-14 01:18:31
441,449,2024-08-13 07:43:34
442,225,2024-01-29 07:27:56
443,13,2024-08-14 13:40:36
444,203,2023-08-22 09:14:23
445,240,2023-10-17 22:57:26
446,199,2024-05-01 09:24:16
447,390,2025-05-29 09:30:21
448,426,2024-01-24 01:10:06
449,328,2025-11-19 20:42:02
450,381,2023-06-21 21:58:32
451,15,2024-11-26 14:38:11
452,477,2024-06-22 08:28:18
453,113,2024-07-14 10:29:30
454,368,2024-03-17 19:58:46
455,232,2024-07-14 08:25:45
456,105,2024-07-03 13:58:55
457,396,2025-06-19 10:40:08
458,117,2024-11-16 13:04:36
459,461,2023-11-30 14:37:47
460,103,2025-08-12 05:39:48
461,446,2024-11-15 11:03:48
462,240,2024-06-04 15:36:26
463,464,2024-10-17 03:25:42
464,384,2025-09-11 07:18:30
465,344,2025-07-06 04:03:18
466,383,2024-12-25 17:54:02
467,338,2024-01-03 09:50:30
468,233,2024-11-29 17:34:07
469,382,2025-03-03 09:39:20
470,48,2023-08-12 01:06:52
471,358,2023-02-18 01:33:32
472,130,2023-04-24 07:06:25
473,436,2025-03-03 05:56:45
474,222,2024-03-05 20:05:05
475,260,2023-07-25 15:01:37
476,182,2023-09-16 21:24:34
477,187,2023-05-20 04:29:06
478,100,2025-06-30 08:53:41
479,453,2025-11-13 07:49:41
480,49,2025-03-29 02:42:05
481,94,2023-04-21 20:47:09
482,39,2024-09-29 14:14:16
483,412,2025-07-05 13:14:02
484,100,2022-12-03 05:31:20
485,160,2023-03-02 16:06:05
486,7,2025-06-28 02:03:27
487,102,2024-05-09 14:43:26
488,443,2024-08-13 14:18:40
489,334,2025-10-28 00:07:09
490,435,2024-12-09 11:52:49
491,287,2024-01-21 08:01:31
492,289,2025-06-17 02:38:33
493,311,2025-06-19 07:37:05
494,220,2025-09-24 11:30:00
495,329,2023-11-16 17:21:10
496,500,2024-03-28 10:24:27
497,403,2024-01-29 23:09:07
498,478,2022-12-12 01:57:07
499,128,2024-09-10 13:51:05
500,205,2025-11-05 10:14:36
501,298,2023-06-27 09:56:46
502,273,2025-11-01 11:07:10
503,324,2024-09-22 13:05:25
504,480,2023-10-10 07:20:58
505,320,2024-03-03 19:54:16
506,423,2023-02-01 15:15:03
507,33,2023-12-03 04:59:57
508,259,2023-08-05 02:36:33
509,468,2025-09-21 01:33:05
510,268,2024-08-04 11:54:29
511,73,2024-01-10 12:23:59
512,93,2024-10-25 12:38:21
513,421,2023-11-29 18:49:34
514,78,2025-07-27 14:21:54
515,1,2025-10-23 16:58:41
516,115,2023-07-07 17:29:35
517,397,2025-08-12 13:37:14
518,366,2023-04-25 07:37:09
519,231,2024-07-03 10:04:44
520,328,2024-03-28 10:48:55
521,423,2024-09-10 02:15:22
522,392,2023-11-06 05:28:50
523,132,2023-02-05 06:19:48
524,243,2025-08-05 18:27:24
525,279,2023-09-15 03:05:17
526,22,2025-07-01 09:07:54
527,403,2023-04-14 05:42:32
528,313,2024-08-01 06:36:06
529,255,2023-03-22 12:59:30
530,165,2023-08-28 04:11:33
531,255,2025-07-18 13:19:43
532,418,2025-10-10 22:47:37
533,257,2022-11-30 04:55:16
534,373,2025-01-15 05:02:13
535,401,2023-02-22 21:35:52
536,361,2023-06-19 01:29:58
537,175,2025-03-01 02:41:39
538,278,2024-09-21 06:31:26
539,419,2023-09-07 18:17:33
540,309,2025-04-05 07:30:58
541,135,2024-06-09 23:28:01
542,275,2024-02-08 15:03:01
543,431,2024-07-31 22:28:56
544,324,2024-06-08 10:06:46
545,303,2023-01-18 08:33:06
546,351,2023-07-26 15:17:05
547,271,2023-09-16 11:24:36
548,180,2025-04-08 13:59:36
549,454,2024-10-19 20:46:31
550,176,2022-12-09 04:19:30
551,19,2025-06-09 17:42:13
552,160,2025-05-16 09:48:55
553,28,2023-09-16 15:13:49
554,200,2023-03-09 14:31:20
555,139,2025-04-02 04:37:43
556,459,2024-01-19 15:39:00
557,415,2023-06-03 08:26:41
558,255,2025-01-16 00:27:05
559,459,2023-07-08 10:15:39
560,397,2025-04-28 11:04:16
561,359,2025-07-18 08:06:22
562,327,2024-10-23 20:28:40
563,2,2023-08-29 14:19:10
564,431,2024-02-19 22:47:59
565,81,2025-03-13 23:45:04
566,496,2025-01-26 20:53:36
567,60,2023-08-20 04:21:35
568,461,2024-11-13 23:40:55
569,297,2023-05-09 22:36:13
570,54,2024-02-19 16:27:35
571,464,2025-04-19 14:21:06
572,307,2024-04-05 13:29:39
573,376,2023-01-19 05:29:53
574,436,2025-02-26 10:47:57
575,392,2025-01-01 15:18:47
576,71,2023-01-28 13:59:09
577,98,2024-12-12 05:55:19
578,116,2023-03-20 10:33:00
579,183,2023-01-30 11:47:43
580,434,2024-11-22 10:46:01
581,183,2024-05-10 18:02:37
582,182,2023-05-10 05:44:25
583,77,2023-06-13 16:58:27
584,411,2024-08-30 01:57:00
585,226,2024-04-17 04:06:08
586,65,2025-08-15 22:07:15
587,208,2023-02-19 13:12:41
588,436,2023-07-17 11:16:35
589,63,2025-10-22 21:05:16
590,486,2025-10-13 21:26:09
591,207,2023-05-11 11:16:35
592,304,2023-03-26 01:41:57
593,152,2023-08-26 00:05:54
594,89,2024-02-29 22:56:11
595,22,2025-06-17 16:24:21
596,120,2025-05-22 19:55:06
597,122,2024-03-03 07:25:27
598,427,2023-09-11 11:01:27
599,88,2023-07-28 22:31:48
600,278,2022-12-22 08:22:01
601,374,2023-11-12 05:06:51
602,472,2025-05-29 09:19:33
603,440,2025-05-16 19:16:12
604,170,2023-06-28 14:59:46
605,176,2025-10-06 11:20:54
606,141,2023-11-19 16:13:41
607,184,2025-10-08 10:37:46
608,206,2025-07-30 15:22:57
609,467,2023-10-14 08:45:15
610,277,2023-07-11 03:38:19
611,64,2025-04-27 02:03:58
612,114,2023-02-27 06:06:55
613,333,2024-11-08 20:45:02
614,78,2023-09-09 08:51:21
615,76,2025-09-18 12:14:48
616,350,2023-10-28 11:15:09
617,425,2024-02-14 03:07:27
618,273,2025-07-10 12:52:10
619,326,2023-05-30 07:03:22
620,314,2025-03-08 20:55:22
621,319,2023-09-18 22:26:20
622,200,2024-02-20 12:44:58
623,114,2023-11-09 10:27:47
624,143,2023-06-11 18:46:28
625,499,2023-08-18 22:08:29
626,359,2023-03-22 11:58:08
627,364,2024-03-19 13:13:00
628,82,2023-07-27 15:40:48
629,484,2024-08-14 13:07:09
630,102,2023-06-30 22:06:03
631,444,2024-05-10 14:38:04
632,301,2025-07-11 09:46:57
633,129,2023-07-29 10:04:20
634,462,2022-12-04 00:13:24
635,40,2024-02-06 23:17:26
636,418,2023-05-23 20:34:06
637,452,2023-06-09 21:10:59
638,475,2025-04-27 17:26:18
639,63,2024-09-06 02:01:57
640,458,2023-04-27 10:10:22
641,329,2023-05-06 13:44:24
642,254,2025-05-27 01:24:22
643,126,2023-09-04 21:35:17
644,214,2024-02-14 21:24:28
645,334,2024-10-29 21:55:14
646,329,2023-09-11 09:37:21
647,279,2024-06-26 09:30:36
648,466,2024-12-24 07:21:20
649,98,2024-02-21 20:31:03
650,71,2025-10-12 21:08:34
651,106,2023-04-10 02:34:11
652,85,2025-04-03 23:28:27
653,102,2024-10-01 05:26:36
654,55,2024-01-29 03:14:54
655,247,2023-04-10 14:49:59
656,198,2023-11-14 14:48:03
657,334,2023-03-23 02:53:36
658,332,2023-01-28 05:12:19
659,378,2024-08-07 05:49:24
660,402,2023-05-29 06:38:56
661,332,2023-06-09 09:55:16
662,163,2025-03-14 23:53:49
663,376,2023-01-26 04:33:13
664,41,2024-09-10 09:53:49
665,160,2024-07-08 16:55:31
666,56,2025-08-02 22:17:56
667,241,2025-10-18 14:16:58
668,12,2023-06-21 02:37:51
669,141,2025-10-20 07:15:05
670,352,2023-01-21 23:36:56
671,99,2025-08-25 23:24:47
672,158,2023-04-02 18:10:03
673,341,2024-10-24 21:01:24
674,418,2023-03-16 18:46:01
675,427,2025-01-28 12:43:48
676,41,2023-03-20 08:01:36
677,410,2025-03-16 11:51:45
678,131,2024-09-06 05:19:49
679,492,2024-08-10 22:14:32
680,84,2025-05-22 16:25:00
681,255,2022-11-29 19:18:30
682,233,2024-10-10 11:43:09
683,60,2025-08-06 19:00:12
684,55,2023-01-04 19:39:39
685,141,2025-01-24 14:32:38
686,457,2024-10-01 17:50:23
687,435,2023-02-12 08:12:43
688,324,2023-08-06 22:29:08
689,441,2024-06-21 19:36:55
690,260,2024-05-07 12:35:24
691,269,2024-04-09 01:09:21
692,284,2024-08-24 10:12:05
693,391,2025-04-28 12:53:19
694,68,2024-12-18 11:30:33
695,179,2024-10-12 06:47:25
696,214,2024-11-21 07:24:37
697,299,2023-07-29 16:56:43
698,24,2024-03-20 13:50:11
699,213,2024-10-07 04:00:44
700,80,2024-08-03 11:10:40
701,154,2023-08-24 03:55:18
702,305,2025-04-28 23:07:04
703,83,2024-10-14 08:56:09
704,308,2023-04-09 16:04:45
705,485,2024-02-10 11:13:08
706,359,2023-01-17 10:24:36
707,111,2024-05-27 14:15:29
708,140,2023-07-18 20:13:13
709,229,2025-07-18 03:44:47
710,213,2024-08-17 23:25:13
711,283,2025-07-06 08:27:34
712,369,2025-07-02 12:05:15
713,129,2025-05-27 13:49:14
714,109,2024-11-03 08:00:16
715,485,2024-11-29 07:07:17
716,270,2025-11-06 18:58:52
717,56,2025-08-23 09:32:23
718,15,2023-07-25 15:55:42
719,101,2023-09-15 01:52:58
720,102,2023-03-23 11:00:43
721,72,2024-07-13 06:07:38
722,104,2024-04-06 09:52:56
723,56,2024-03-27 19:54:42
724,199,2023-12-26 05:33:16
725,8,2023-03-03 10:55:32
726,335,2025-04-23 21:22:25
727,84,2023-04-13 20:37:56
728,59,2023-10-05 04:48:57
729,308,2024-11-19 13:23:32
730,242,2023-11-02 22:15:53
731,143,2023-09-13 23:41:53
732,158,2024-03-01 21:39:35
733,456,2024-01-21 23:49:54
734,224,2024-02-19 01:50:08
735,107,2023-04-29 19:33:26
736,426,2024-12-30 16:52:39
737,455,2025-03-27 22:07:08
738,344,2023-03-06 09:26:35
739,277,2024-05-01 09:13:18
740,271,2025-02-06 01:09:02
741,481,2025-10-06 21:44:10
742,27,2024-04-24 14:52:11
743,78,2025-10-13 07:09:14
744,181,2024-04-12 04:17:29
745,231,2024-01-14 14:34:54
746,91,2024-09-29 02:14:43
747,120,2025-08-05 04:39:51
748,236,2025-06-14 05:30:34
749,253,2023-02-15 05:23:50
750,151,2023-08-17 13:07:34
751,350,2024-05-07 23:46:17
752,484,2023-12-16 03:11:34
753,167,2025-01-25 09:54:32
754,260,2024-10-04 14:58:28
755,185,2024-10-20 18:38:45
756,136,2025-06-10 00:29:05
757,108,2024-04-02 03:45:45
758,196,2024-11-20 06:40:21
759,272,2024-01-21 03:01:39
760,91,2023-07-06 01:13:00
761,294,2025-08-13 07:22:47
762,81,2024-11-17 22:37:03
763,285,2025-08-16 03:26:47
764,323,2025-11-13 02:50:57
765,454,2023-12-11 06:47:32
766,90,2024-08-25 21:45:42
767,47,2025-06-28 07:03:25
768,214,2024-11-14 04:00:31
769,156,2023-01-19 14:28:21
770,16,2025-07-18 17:22:19
771,328,2025-03-19 10:24:41
772,311,2023-07-13 11:44:12
773,107,2024-03-27 15:29:45
774,185,2025-10-04 13:29:56
775,287,2025-01-25 19:45:34
776,385,2024-11-14 15:22:09
777,372,2024-09-06 03:07:28
778,449,2024-11-18 08:47:56
779,158,2023-09-17 03:42:11
780,427,2023-05-17 03:26:55
781,363,2025-10-04 19:31:17
782,444,2025-10-30 23:50:18
783,367,2024-09-10 07:46:19
784,406,2023-01-16 20:27:45
785,126,2024-06-23 12:47:33
786,484,2023-07-29 06:42:04
787,121,2025-06-29 05:35:45
788,54,2024-06-29 23:16:04
789,53,2025-02-12 11:51:35
790,222,2025-08-15 21:19:04
791,27,2024-07-15 02:15:05
792,452,2024-03-10 05:59:55
793,23,2025-01-01 21:08:54
794,400,2023-07-21 23:50:06
795,385,2025-10-03 09:17:18
796,301,2024-07-08 17:23:58
797,131,2025-10-09 13:50:25
798,422,2025-04-04 16:52:01
799,332,2025-09-11 05:14:47
800,289,2022-12-04 10:54:54
801,71,2023-09-21 03:24:07
802,281,2024-08-15 18:42:16
803,461,2025-07-20 14:46:54
804,351,2025-06-28 09:29:25
805,20,2025-08-25 10:56:10
806,192,2024-04-20 21:54:24
807,99,2024-03-28 05:35:54
808,41,2023-03-26 16:24:08
809,261,2024-12-22 15:15:52
810,303,2025-07-28 08:02:00
811,277,2025-10-07 09:41:53
812,1,2025-06-30 04:57:05
813,485,2023-06-24 23:15:48
814,60,2024-08-02 03:04:42
815,251,2023-09-07 14:23:58
816,343,2024-06-13 12:46:36
817,219,2024-09-21 03:30:05
818,141,2025-07-19 22:56:23
819,391,2023-07-06 05:20:50
820,343,2025-05-08 07:00:29
821,118,2024-06-30 09:16:48
822,30,2024-02-24 23:36:13
823,398,2024-04-25 14:12:58
824,439,2024-08-16 08:19:26
825,417,2023-01-03 20:22:00
826,44,2023-05-10 08:24:04
827,82,2024-11-07 07:19:10
828,132,2024-04-12 05:00:20
829,426,2025-07-13 18:24:46
830,236,2024-02-18 19:11:27
831,171,2025-10-13 20:41:07
832,161,2022-12-06 12:37:58
833,305,2023-10-15 21:29:07
834,299,2025-01-20 16:41:12
835,50,2025-11-17 15:44:38
836,71,2025-06-28 18:49:51
837,90,2024-01-12 07:58:48
838,230,2025-05-04 00:44:38
839,200,2022-12-05 03:43:07
840,216,2023-02-09 06:31:54
841,312,2024-07-10 20:14:05
842,263,2023-10-07 19:25:22
843,377,2024-05-21 07:02:46
844,399,2023-03-17 07:26:02
845,160,2025-09-01 01:06:27
846,467,2025-06-19 12:44:51
847,213,2025-01-19 18:38:23
848,128,2023-08-01 10:29:27
849,218,2023-04-16 02:25:41
850,76,2024-04-23 14:32:54
851,110,2024-11-03 15:41:19
852,352,2024-08-28 02:19:47
853,282,2024-10-11 19:38:37
854,267,2023-10-18 18:32:38
855,148,2024-02-13 10:58:00
856,165,2025-06-29 06:10:27
857,11,2024-12-23 12:37:27
858,272,2024-11-26 09:50:39
859,382,2025-09-07 13:19:27
860,73,2024-01-26 02:57:38
861,239,2024-04-22 22:02:44
862,151,2024-02-15 02:16:20
863,266,2023-03-10 06:01:57
864,52,2023-02-13 04:04:08
865,470,2025-10-07 02:44:20
866,348,2023-09-05 01:53:13
867,293,2023-12-15 05:51:03
868,267,2024-06-05 13:28:26
869,406,2025-05-27 21:09:22
870,263,2022-11-27 02:35:25
871,387,2024-06-19 04:09:24
872,102,2023-03-23 11:29:20
873,11,2025-10-14 19:17:21
874,125,2025-04-07 11:44:50
875,294,2023-01-01 04:35:06
876,311,2025-04-17 07:53:25
877,32,2025-10-19 23:40:48
878,41,2023-03-31 07:20:31
879,45,2025-09-04 06:37:50
880,254,2024-01-03 22:54:59
881,355,2024-06-16 19:49:24
882,137,2025-02-20 18:51:56
883,472,2023-04-07 02:51:34
884,376,2024-03-10 02:32:14
885,405,2025-02-25 14:48:03
886,226,2024-06-24 02:09:33
887,59,2024-10-03 05:05:14
888,214,2025-09-29 20:50:30
889,484,2024-12-20 08:41:56
890,284,2022-12-29 02:02:56
891,128,2024-08-20 19:39:31
892,274,2023-10-17 00:52:45
893,216,2025-05-03 20:15:29
894,228,2023-11-16 02:29:55
895,313,2025-07-14 22:17:09
896,312,2023-12-29 11:25:45
897,352,2023-06-25 06:27:39
898,303,2023-02-03 19:01:28
899,434,2024-08-26 03:41:47
900,397,2023-05-19 03:09:02
901,96,2025-11-06 10:47:25
902,165,2024-08-09 06:04:12
903,379,2025-11-03 06:49:40
904,390,2023-03-30 09:52:07
905,495,2022-12-16 12:40:08
906,2,2024-03-24 00:29:31
907,63,2023-01-13 07:20:21
908,353,2025-05-10 21:59:05
909,187,2024-04-10 20:32:36
910,141,2025-02-07 15:51:47
911,339,2024-02-05 10:46:38
912,162,2024-08-18 00:47:40
913,327,2023-03-19 17:00:35
914,479,2023-08-15 07:04:05
915,418,2024-02-22 17:14:32
916,362,2023-11-25 01:29:48
917,387,2023-11-15 04:08:08
918,208,2024-08-23 13:55:19
919,398,2024-11-12 04:33:27
920,99,2023-03-27 22:08:50
921,79,2024-10-03 21:37:19
922,300,2023-02-21 02:56:00
923,244,2023-08-13 23:23:05
924,32,2025-08-12 09:50:17
925,447,2023-08-04 10:16:02
926,189,2024-08-10 11:56:26
927,257,2025-03-09 07:56:16
928,465,2025-06-28 08:25:53
929,46,2024-02-08 21:06:53
930,80,2023-07-22 22:35:25
931,373,2023-04-25 14:18:10
932,330,2023-08-05 17:31:08
933,0,2023-05-15 00:51:30
934,264,2024-09-18 03:53:25
935,485,2024-07-07 02:35:39
936,75,2025-01-21 23:32:39
937,4,2023-08-28 20:51:13
938,45,2025-03-14 00:03:22
939,236,2025-07-23 11:12:49
940,187,2023-12-03 17:14:19
941,488,2023-03-29 02:39:15
942,161,2023-04-17 20:57:18
943,44,2023-05-28 08:58:40
944,273,2023-11-22 00:00:29
945,378,2023-12-10 06:36:27
946,421,2025-01-22 21:13:12
947,101,2025-07-10 13:19:35
948,86,2025-05-30 13:04:03
949,367,2024-09-04 02:43:39
950,401,2024-05-07 09:06:19
951,367,2023-09-24 02:56:51
952,318,2023-12-01 00:37:13
953,405,2023-04-22 20:51:59
954,463,2023-05-31 02:17:02
955,112,2023-11-27 11:53:48
956,228,2023-02-17 05:53:28
957,310,2025-05-28 17:23:11
958,266,2025-04-05 06:42:21
959,415,2024-01-10 01:09:39
960,466,2023-02-17 10:35:26
961,39,2025-06-16 22:57:52
962,337,2024-04-20 10:40:48
963,230,2024-09-01 13:12:02
964,338,2024-05-24 01:33:29
965,97,2023-04-03 09:15:35
966,378,2025-04-25 16:08:36
967,352,2024-06-01 07:20:19
968,241,2023-05-11 03:14:13
969,50,2024-02-23 22:56:30
970,295,2025-02-17 04:47:27
971,189,2024-08-11 13:52:00
972,143,2025-05-09 03:38:18
973,365,2025-07-16 23:41:24
974,482,2025-10-05 23:41:38
975,275,2023-09-12 02:35:24
976,400,2025-06-10 04:39:14
977,68,2023-01-17 01:58:12
978,278,2024-01-04 15:19:20
979,315,2023-03-25 08:47:02
980,477,2024-01-04 17:17:25
981,5,2024-08-31 00:44:23
982,214,2025-06-12 23:29:16
983,211,2022-12-25 12:19:48
984,66,2025-05-02 17:28:21
985,250,2023-09-13 10:20:41
986,189,2025-02-02 22:25:04
987,133,2025-11-08 06:26:05
988,209,2023-09-18 00:52:38
989,3,2025-09-07 04:44:49
990,413,2025-04-12 12:35:31
991,101,2023-09-01 18:33:59
992,388,2023-05-08 11:26:56
993,170,2025-04-06 07:43:37
994,209,2023-10-31 15:41:15
995,93,2025-09-17 00:09:52
996,36,2023-01-08 03:19:05
997,359,2023-12-03 15:00:23
998,362,2024-01-09 04:15:46
999,277,2023-07-18 16:01:31
1000,79,2023-08-16 18:27:41
1001,235,2024-04-22 09:10:13
1002,365,2023-06-13 03:47:34
1003,404,2022-12-21 14:37:46
1004,228,2023-06-10 05:01:54
1005,322,2024-08-22 23:15:30
1006,176,2023-09-24 06:26:01
1007,255,2023-03-26 17:31:31
1008,454,2023-07-26 22:14:54
1009,41,2025-10-26 08:22:08
1010,349,2025-03-03 21:14:22
1011,350,2025-05-29 04:59:05
1012,456,2023-03-10 02:51:49
1013,448,2025-10-19 00:07:28
1014,55,2023-02-10 15:38:35
1015,430,2024-04-05 14:35:10
1016,32,2023-01-17 00:49:01
1017,257,2022-12-31 13:38:04
1018,295,2024-05-02 15:00:13
1019,25,2023-10-20 15:24:02
1020,479,2022-12-05 05:59:25
1021,122,2023-02-08 01:36:11
1022,480,2023-12-10 03:35:26
1023,4,2023-08-05 22:08:21
1024,2,2025-01-11 10:44:17
1025,246,2024-10-20 16:19:02
1026,295,2025-05-20 10:41:04
1027,377,2022-12-06 13:45:13
1028,197,2023-03-03 11:16:39
1029,44,2025-03-06 15:16:03
1030,55,2024-06-30 11:10:14
1031,233,2025-09-25 07:04:26
1032,240,2025-01-03 08:51:51
1033,202,2025-05-19 11:32:39
1034,42,2024-04-09 10:31:40
1035,479,2024-11-09 22:15:49
1036,103,2023-02-16 14:02:37
1037,454,2023-04-20 19:04:25
1038,191,2025-11-17 08:49:33
1039,286,2025-01-17 13:01:12
1040,132,2023-06-27 01:44:25
1041,285,2025-02-07 19:59:37
1042,247,2023-04-13 15:14:20
1043,359,2023-12-28 11:30:41
1044,57,2025-04-10 23:59:47
1045,480,2024-06-21 00:45:12
1046,263,2023-05-03 21:12:51
1047,43,2024-04-12 21:44:11
1048,298,2023-12-23 04:03:13
1049,5,2025-01-13 07:32:01
1050,168,2023-10-15 13:27:30
1051,367,2024-05-23 02:11:55
1052,294,2024-09-09 07:08:28
1053,14,2023-11-24 04:46:54
1054,190,2024-12-20 04:15:26
1055,112,2024-01-26 15:33:06
1056,80,2025-03-14 06:59:13
1057,458,2024-08-30 08:14:40
1058,369,2025-03-06 11:47:27
1059,476,2023-08-05 20:23:14
1060,168,2025-08-27 02:18:34
1061,324,2023-10-08 23:02:19
1062,344,2023-02-02 20:57:38
1063,318,2024-12-23 00:12:01
1064,231,2023-04-25 08:39:24
1065,211,2023-07-07 10:20:36
1066,129,2024-05-25 11:43:30
1067,112,2023-12-22 08:07:41
1068,315,2025-06-09 09:00:57
1069,248,2022-12-10 23:30:24
1070,289,2023-10-12 04:26:26
1071,500,2025-10-21 19:56:36
1072,177,2024-02-13 23:47:24
1073,171,2024-08-08 16:35:40
1074,251,2024-03-16 17:56:04
1075,486,2024-11-29 02:17:32
1076,401,2023-11-04 22:37:36
1077,58,2023-07-05 05:40:59
1078,368,2025-01-04 19:53:25
1079,269,2023-01-16 03:46:47
1080,370,2025-03-17 20:17:38
1081,67,2025-08-01 15:35:55
1082,123,2024-12-07 12:20:37
1083,144,2024-10-15 04:10:29
1084,244,2023-02-11 06:40:33
1085,456,2024-03-22 20:20:02
1086,122,2024-07-02 19:19:36
1087,255,2024-09-06 04:34:23
1088,442,2023-06-22 21:58:59
1089,23,2023-08-13 11:29:22
1090,489,2025-03-28 09:51:56
1091,231,2024-10-25 12:36:52
1092,361,2023-09-16 02:28:35
1093,78,2023-06-28 17:22:48
1094,29,2023-07-16 08:49:50
1095,192,2024-05-25 16:56:22
1096,227,2023-02-23 22:41:27
1097,290,2024-04-15 06:31:44
1098,411,2024-03-04 23:36:03
1099,294,2023-01-03 18:00:29
1100,414,2025-07-06 02:26:05
1101,209,2025-05-20 00:07:48
1102,379,2023-12-25 03:20:09
1103,240,2025-10-01 06:48:46
1104,394,2023-03-07 04:01:28
1105,495,2025-01-25 08:28:16
1106,173,2023-12-18 20:31:46
1107,475,2024-02-03 19:29:40
1108,71,2025-02-14 10:23:34
1109,273,2025-02-13 17:08:41
1110,262,2025-01-30 19:33:34
1111,172,2023-10-25 16:12:12
1112,103,2024-05-10 22:22:44
1113,18,2023-03-29 23:02:22
1114,287,2025-02-14 05:51:30
1115,117,2024-03-26 07:55:40
1116,472,2025-07-10 19:09:03
1117,202,2023-08-01 16:14:57
1118,492,2024-07-18 12:35:12
1119,18,2024-07-05 02:12:04
1120,459,2024-04-23 13:56:20
1121,286,2023-06-04 04:25:18
1122,62,2025-07-09 18:37:37
1123,383,2023-01-08 00:31:18
1124,235,2025-01-12 15:29:21
1125,469,2025-04-18 15:20:54
1126,216,2023-04-07 12:28:54
1127,454,2024-08-22 12:27:41
1128,290,2025-01-30 15:27:41
1129,119,2025-09-14 04:51:32
1130,465,2023-01-10 13:39:50
1131,67,2023-02-15 03:45:35
1132,171,2025-03-23 19:35:03
1133,213,2025-05-04 09:26:47
1134,8,2024-09-14 05:39:19
1135,42,2025-03-09 12:22:56
1136,334,2025-06-02 08:43:11
1137,419,2023-04-15 05:56:54
1138,191,2022-12-26 23:39:21
1139,112,2022-12-22 09:18:35
1140,186,2024-03-28 18:15:10
1141,260,2024-01-20 07:48:48
1142,149,2025-03-15 18:52:37
1143,470,2025-10-24 04:45:39
1144,121,2023-08-01 03:42:04
1145,382,2024-04-02 17:55:15
1146,451,2024-06-11 12:48:14
1147,328,2024-03-13 11:13:36
1148,36,2023-07-17 10:19:00
1149,56,2024-08-20 06:13:29
1150,379,2025-09-11 01:08:05
1151,18,2024-05-18 16:00:23
1152,146,2024-10-13 22:12:00
1153,199,2023-06-14 21:03:08
1154,162,2024-07-29 07:12:43
1155,5,2024-07-07 10:50:23
1156,196,2023-08-31 04:27:22
1157,386,2024-12-29 21:12:22
1158,454,2023-10-07 04:30:22
1159,227,2023-12-02 20:27:30
1160,458,2023-01-20 22:29:09
1161,51,2023-05-11 07:46:17
1162,341,2023-03-23 13:18:52
1163,376,2023-09-14 22:03:23
1164,139,2023-09-24 15:28:24
1165,21,2024-07-10 11:50:40
1166,76,2025-09-09 11:40:19
1167,49,2024-07-08 13:32:58
1168,435,2023-10-28 14:06:09
1169,15,2023-10-23 05:29:51
1170,325,2023-07-13 13:00:31
1171,20,2023-05-17 14:34:35
1172,105,2024-08-10 12:57:47
1173,256,2025-05-23 00:04:36
1174,51,2024-06-26 16:10:20
1175,73,2024-05-07 02:41:16
1176,414,2025-10-27 12:41:15
1177,292,2024-03-02 10:05:55
1178,358,2022-12-28 04:07:07
1179,150,2024-03-07 14:28:10
1180,385,2024-08-02 19:30:42
1181,202,2025-11-05 10:12:41
1182,2,2023-03-02 01:21:53
1183,446,2025-04-15 09:44:23
1184,9,2023-12-24 03:14:18
1185,230,2024-04-02 13:33:01
1186,65,2023-07-27 21:46:53
1187,140,2024-09-16 16:25:26
1188,141,2024-04-15 21:55:55
1189,396,2024-09-08 08:36:46
1190,401,2024-06-04 04:55:10
1191,489,2023-01-20 07:16:15
1192,81,2024-10-28 02:56:37
1193,253,2025-01-01 06:54:46
1194,94,2024-11-06 21:31:13
1195,90,2025-07-01 18:07:58
1196,426,2025-09-23 13:06:39
1197,33,2023-11-19 07:07:40
1198,452,2024-08-07 07:29:58
1199,381,2024-09-03 18:00:57
1200,4,2023-06-09 06:50:56
1201,254,2025-04-07 01:37:23
1202,282,2024-05-21 12:34:31
1203,57,2023-08-01 15:58:35
1204,311,2024-08-02 06:06:59
1205,230,2023-07-25 15:06:15
1206,430,2025-09-02 01:07:52
1207,371,2024-08-18 17:41:15
1208,464,2022-12-08 03:41:40
1209,5,2023-04-27 18:24:25
1210,233,2025-11-11 22:54:20
1211,299,2023-08-17 19:26:14
1212,301,2023-01-01 14:06:55
1213,89,2025-02-24 22:37:05
1214,82,2023-05-19 10:34:18
1215,438,2025-02-18 07:59:00
1216,233,2024-10-15 20:28:19
1217,438,2024-04-03 01:59:33
1218,263,2024-05-26 05:53:11
1219,180,2024-04-08 14:57:04
1220,0,2025-03-11 05:56:29
1221,95,2023-07-18 11:02:40
1222,391,2023-07-05 14:05:55
1223,292,2024-08-28 20:14:22
1224,250,2025-10-17 23:27:06
1225,105,2024-11-24 07:15:50
1226,263,2024-05-16 19:48:05
1227,59,2024-11-23 00:32:17
1228,500,2024-10-30 21:36:10
1229,29,2023-06-10 01:10:03
1230,115,2025-07-16 16:57:53
1231,176,2024-06-10 14:23:05
1232,457,2025-01-01 08:42:08
1233,363,2024-02-07 13:01:13
1234,37,2023-10-15 15:09:20
1235,111,2025-01-30 22:00:08
1236,397,2025-07-18 03:40:24
1237,214,2022-11-28 19:12:49
1238,383,2024-03-29 16:34:04
1239,13,2023-02-14 23:18:03
1240,15,2025-06-07 15:21:53
1241,67,2024-03-06 12:28:32
1242,444,2024-02-18 14:57:22
1243,209,2022-12-12 03:59:18
1244,358,2022-12-03 10:44:00
1245,439,2023-03-30 23:32:43
1246,330,2024-03-20 00:30:53
1247,71,2024-08-31 05:54:33
1248,410,2024-01-31 15:52:09
1249,435,2023-03-03 14:16:23
1250,237,2023-04-17 22:08:32
1251,12,2024-12-24 10:39:53
1252,42,2024-04-15 04:14:52
1253,55,2024-04-14 01:58:27
1254,193,2025-01-11 15:41:49
1255,85,2024-03-25 11:41:05
1256,196,2023-12-31 21:43:12
1257,234,2025-01-07 05:23:58
1258,268,2024-11-27 14:10:24
1259,57,2025-03-03 21:42:21
1260,54,2025-08-02 17:22:00
1261,224,2024-06-20 16:56:23
1262,303,2024-08-04 23:17:38
1263,159,2023-02-02 00:39:57
1264,222,2025-09-23 13:22:03
1265,305,2025-11-01 08:09:21
1266,468,2023-07-15 07:40:43
1267,346,2024-07-10 16:54:18
1268,95,2023-11-29 01:03:39
1269,58,2023-03-11 08:50:50
1270,248,2023-01-12 05:32:20
1271,367,2025-08-09 09:24:19
1272,457,2024-02-24 09:56:29
1273,10,2024-04-12 14:16:43
1274,220,2024-12-25 04:51:59
1275,51,2024-06-22 22:11:39
1276,184,2022-12-19 18:10:21
1277,271,2023-06-15 20:21:45
1278,58,2025-08-15 16:50:02
1279,284,2024-06-02 19:14:28
1280,319,2023-05-03 19:38:18
1281,145,2023-04-20 06:57:57
1282,428,2024-01-23 05:38:24
1283,261,2024-04-03 22:43:20
1284,208,2023-09-10 22:01:56
1285,104,2022-12-04 07:31:28
1286,232,2024-06-01 10:47:56
1287,25,2023-02-11 13:44:46
1288,137,2023-06-19 02:54:59
1289,262,2025-05-12 00:15:29
1290,46,2025-02-22 20:15:19
1291,250,2025-07-28 18:01:57
1292,46,2024-10-03 14:30:41
1293,48,2024-09-11 17:55:00
1294,374,2025-03-26 06:32:55
1295,349,2023-06-19 12:13:53
1296,28,2025-06-01 20:10:59
1297,64,2024-08-11 17:39:47
1298,316,2024-08-30 06:02:30
1299,0,2023-04-02 04:42:02
1300,259,2023-10-09 19:41:50
1301,322,2023-05-21 16:34:16
1302,189,2023-02-15 18:44:57
1303,34,2023-01-31 01:34:16
1304,162,2024-02-03 04:28:08
1305,75,2023-03-12 13:57:31
1306,358,2024-02-14 11:50:39
1307,414,2023-08-29 02:59:40
1308,482,2025-08-04 08:28:05
1309,397,2024-03-20 10:24:13
1310,147,2024-08-31 21:50:07
1311,291,2025-03-05 10:50:46
1312,282,2025-05-12 07:49:34
1313,284,2023-07-22 02:30:44
1314,409,2023-06-30 02:44:35
1315,331,2023-11-08 05:54:10
1316,77,2023-12-07 21:42:58
1317,418,2024-12-25 12:35:15
1318,135,2025-09-04 23:29:37
1319,387,2024-03-05 18:52:43
1320,118,2023-06-21 19:15:08
1321,499,2023-07-20 17:23:35
1322,424,2024-08-06 05:04:20
1323,247,2024-10-04 02:39:45
1324,181,2025-11-20 06:43:12
1325,49,2024-08-10 22:14:48
1326,32,2025-01-17 08:52:39
1327,354,2023-02-02 10:23:41
1328,240,2023-10-06 12:12:30
1329,349,2025-01-13 00:47:21
1330,35,2025-08-18 11:55:19
1331,204,2023-10-13 13:13:11
1332,252,2025-03-20 21:05:25
1333,348,2022-11-26 13:11:47
1334,191,2025-06-04 08:54:16
1335,149,2023-11-16 18:13:27
1336,106,2025-05-04 21:20:17
1337,445,2024-03-03 04:57:21
1338,126,2023-05-16 19:02:59
1339,433,2025-05-25 05:00:20
1340,130,2023-03-24 01:58:45
1341,457,2024-01-17 05:47:18
1342,420,2023-12-12 05:04:07
1343,362,2024-05-04 22:46:29
1344,499,2025-06-23 19:45:21
1345,99,2024-08-28 00:19:26
1346,21,2023-06-15 12:16:06
1347,500,2023-08-30 19:42:08
1348,340,2023-12-20 17:42:19
1349,16,2024-09-25 18:25:31
1350,76,2022-12-11 12:37:10
1351,113,2023-10-02 15:02:47
1352,428,2023-07-15 16:18:00
1353,135,2023-03-11 15:26:06
1354,131,2025-10-20 06:51:58
1355,229,2025-02-11 04:49:40
1356,470,2024-01-08 11:44:39
1357,371,2023-09-23 01:28:21
1358,248,2023-01-13 01:02:50
1359,101,2024-09-17 07:23:39
1360,458,2023-07-12 16:17:03
1361,431,2025-11-11 00:36:12
1362,137,2024-08-31 05:36:18
1363,224,2025-07-10 10:37:46
1364,413,2024-11-22 17:59:20
1365,484,2023-07-07 01:19:56
1366,36,2024-11-17 15:18:19
1367,301,2023-12-22 19:28:30
1368,417,2024-03-16 05:42:23
1369,34,2023-11-11 05:18:27
1370,19,2025-04-11 19:54:33
1371,491,2022-11-23 07:08:00
1372,114,2025-10-26 06:40:35
1373,349,2023-09-21 04:04:33
1374,465,2023-12-30 21:01:41
1375,262,2024-06-26 01:07:02
1376,135,2023-05-09 03:04:29
1377,377,2024-09-16 18:45:39
1378,353,2023-01-26 12:28:00
1379,51,2025-05-22 10:10:43
1380,472,2023-10-12 05:51:41
1381,497,2023-09-27 21:19:59
1382,197,2023-12-20 15:26:43
1383,149,2025-06-17 07:54:04
1384,91,2023-06-30 00:39:44
1385,136,2024-03-27 23:30:33
1386,390,2023-12-16 00:51:07
1387,310,2023-12-04 23:42:45
1388,69,2024-11-08 05:30:49
1389,131,2023-05-17 05:15:15
1390,90,2025-07-16 07:35:50
1391,458,2023-11-24 18:43:00
1392,126,2024-03-10 08:25:09
1393,437,2022-12-29 00:47:19
1394,148,2024-07-02 00:26:31
1395,290,2025-10-21 21:13:11
1396,404,2024-04-05 18:05:54
1397,500,2024-10-19 07:16:32
1398,226,2025-01-20 00:30:19
1399,135,2023-11-14 10:49:05
1400,150,2025-10-18 19:07:59
1401,487,2023-06-28 07:36:00
1402,131,2022-11-26 02:58:42
1403,376,2023-12-25 21:19:26
1404,393,2023-05-21 21:24:15
1405,131,2024-05-06 23:13:04
1406,307,2023-12-14 08:40:39
1407,392,2025-04-13 20:41:33
1408,239,2023-02-19 12:27:07
1409,40,2025-02-07 03:37:11
1410,307,2023-03-06 11:19:45
1411,107,2022-12-23 02:26:53
1412,154,2022-12-21 04:04:55
1413,17,2023-07-31 19:56:17
1414,32,2024-08-10 11:18:25
1415,87,2024-11-23 02:21:26
1416,406,2024-01-18 08:43:00
1417,435,2024-03-30 15:06:55
1418,271,2025-01-31 14:50:47
1419,100,2023-01-09 23:08:08
1420,43,2025-02-18 04:35:17
1421,125,2025-11-12 15:29:36
1422,72,2023-06-17 16:15:35
1423,431,2025-05-26 20:05:11
1424,18,2023-08-29 08:09:34
1425,464,2024-08-19 16:59:32
1426,446,2025-08-11 20:55:34
1427,310,2023-09-13 03:22:41
1428,489,2023-06-29 19:26:12
1429,198,2025-05-15 16:18:09
1430,334,2023-01-20 19:14:02
1431,146,2024-12-11 12:33:21
1432,377,2023-12-28 14:36:36
1433,298,2023-06-25 04:11:30
1434,303,2023-09-19 06:51:44
1435,55,2022-12-22 05:53:37
1436,244,2024-03-14 18:20:12
1437,46,2025-08-11 20:00:45
1438,209,2024-06-13 14:33:23
1439,477,2023-07-03 09:32:00
1440,243,2024-04-28 19:52:18
1441,118,2025-10-25 05:23:05
1442,498,2024-04-09 06:33:11
1443,254,2024-12-19 13:53:59
1444,52,2024-01-08 19:50:19
1445,60,2023-11-08 19:53:05
1446,3,2024-07-27 10:06:45
1447,72,2025-04-26 02:38:27
1448,485,2023-05-10 22:28:41
1449,28,2023-09-13 07:43:58
1450,195,2025-01-13 13:40:37
1451,445,2024-04-18 17:04:32
1452,207,2025-03-17 19:17:45
1453,319,2023-11-22 05:37:17
1454,123,2023-08-04 01:52:40
1455,56,2023-10-24 14:21:03
1456,187,2024-08-03 20:52:01
1457,179,2022-12-24 07:37:23
1458,14,2024-05-08 03:26:54
1459,370,2023-02-10 01:05:00
1460,316,2023-04-02 03:44:28
1461,23,2023-11-26 10:17:51
1462,129,2024-07-21 21:22:16
1463,228,2023-04-04 19:54:32
1464,106,2024-07-30 04:44:37
1465,409,2023-07-16 18:23:15
1466,25,2025-02-10 20:03:53
1467,457,2024-04-30 01:03:46
1468,431,2023-11-12 20:23:28
1469,162,2025-01-29 07:35:51
1470,117,2025-04-07 21:25:46
1471,463,2024-12-01 16:26:20
1472,394,2025-11-08 05:50:21
1473,211,2025-04-20 02:45:13
1474,40,2023-02-07 20:54:31
1475,97,2025-09-23 23:03:55
1476,282,2024-12-08 02:15:39
1477,356,2022-12-12 22:35:13
1478,473,2024-01-18 16:52:58
1479,211,2023-02-04 20:01:17
1480,3,2023-02-05 06:04:48
1481,441,2025-05-09 10:39:11
1482,38,2024-08-21 08:07:05
1483,466,2023-06-27 02:04:39
1484,463,2023-05-30 00:24:03
1485,212,2023-04-23 04:43:36
1486,248,2024-08-01 02:24:37
1487,258,2024-08-29 02:35:25
1488,101,2023-09-29 06:17:26
1489,117,2025-10-03 17:07:40
1490,179,2023-05-21 07:30:59
1491,254,2023-03-20 09:22:34
1492,133,2024-12-08 04:16:18
1493,256,2024-03-30 09:28:44
1494,100,2024-11-26 14:36:58
1495,267,2025-06-14 23:23:15
1496,283,2025-06-20 10:03:07
1497,304,2024-12-14 17:09:02
1498,197,2024-11-27 18:57:42
1499,394,2024-04-30 18:58:00
1500,465,2024-10-05 08:42:46
1501,14,2023-03-03 03:56:49
1502,119,2024-03-29 21:00:24
1503,413,2025-04-15 21:27:29
1504,29,2023-09-30 16:40:00
1505,426,2025-07-24 20:18:43
1506,406,2025-06-14 11:58:26
1507,477,2023-01-20 05:28:29
1508,170,2024-03-01 20:54:16
1509,412,2023-01-11 21:31:26
1510,228,2025-05-29 16:47:24
1511,154,2023-09-03 12:33:26
1512,79,2025-09-15 19:12:59
1513,267,2025-05-21 03:26:53
1514,454,2025-04-02 08:34:55
1515,389,2025-08-27 19:55:26
1516,480,2025-09-13 12:29:47
1517,212,2024-01-12 07:29:01
1518,387,2023-08-14 08:02:00
1519,229,2025-01-31 02:39:07
1520,174,2024-03-25 23:47:22
1521,229,2023-09-09 18:27:26
1522,6,2024-10-04 06:38:44
1523,282,2023-02-15 10:13:30
1524,425,2024-01-17 16:44:40
1525,406,2023-02-17 19:49:22
1526,76,2023-03-08 10:29:09
1527,93,2024-04-09 00:39:04
1528,68,2024-06-04 01:07:20
1529,275,2023-08-29 01:36:12
1530,136,2025-02-16 00:10:20
1531,40,2023-08-22 19:47:31
1532,123,2023-02-03 02:46:28
1533,155,2025-05-03 00:09:23
1534,428,2024-11-10 08:36:00
1535,72,2023-05-16 02:55:31
1536,27,2025-04-29 06:18:41
1537,78,2024-05-07 01:58:57
1538,84,2025-04-14 22:17:28
1539,164,2025-05-12 23:22:59
1540,487,2022-12-12 16:44:40
1541,455,2025-06-22 19:35:04
1542,48,2024-11-21 19:54:31
1543,209,2022-12-25 21:57:52
1544,439,2024-08-16 07:09:53
1545,103,2023-04-17 13:08:38
1546,234,2025-03-08 20:57:18
1547,258,2025-09-18 05:10:11
1548,493,2025-02-15 22:20:23
1549,350,2023-12-07 23:55:07
1550,193,2024-01-06 18:14:35
1551,253,2025-06-23 19:13:53
1552,326,2023-11-05 10:56:09
1553,188,2023-10-30 02:25:01
1554,311,2024-06-16 13:19:39
1555,422,2024-05-14 19:07:33
1556,122,2025-07-07 01:35:16
1557,305,2023-09-23 18:07:49
1558,167,2023-03-25 22:21:18
1559,218,2022-12-03 20:16:29
1560,413,2023-01-23 16:51:06
1561,18,2025-11-20 06:41:49
1562,257,2024-08-25 14:18:50
1563,23,2025-04-20 11:44:13
1564,400,2024-03-11 19:38:00
1565,259,2022-12-17 19:36:57
1566,300,2023-03-22 03:12:18
1567,8,2024-08-06 00:55:43
1568,51,2025-05-30 10:38:15
1569,434,2023-04-30 09:57:40
1570,141,2023-01-15 18:02:02
1571,88,2024-03-23 04:44:58
1572,50,2024-10-29 22:00:27
1573,323,2023-01-14 22:48:48
1574,10,2023-05-24 02:43:49
1575,282,2024-11-06 10:51:26
1576,186,2023-11-22 12:37:34
1577,486,2023-02-16 18:03:23
1578,15,2025-01-02 15:14:10
1579,300,2025-08-08 21:19:42
1580,482,2025-06-05 13:13:16
1581,22,2023-04-15 04:32:57
1582,471,2025-01-30 00:23:03
1583,362,2023-02-08 14:42:55
1584,403,2023-03-21 19:46:05
1585,221,2022-12-24 08:43:17
1586,390,2024-08-06 08:22:31
1587,479,2024-07-28 17:33:47
1588,114,2025-03-25 22:02:32
1589,204,2023-10-19 19:55:44
1590,140,2023-07-07 11:54:39
1591,212,2023-12-26 23:52:54
1592,234,2024-04-10 12:32:35
1593,419,2023-09-22 23:31:25
1594,24,2024-07-27 19:07:59
1595,73,2023-09-27 13:45:10
1596,458,2024-03-24 07:19:10
1597,74,2025-08-09 21:32:12
1598,1,2024-02-28 16:37:57
1599,436,2025-02-10 19:32:25
1600,334,2025-09-07 11:06:17
1601,90,2024-07-28 16:26:19
1602,255,2023-10-09 15:42:23
1603,30,2023-05-20 13:33:05
1604,31,2024-04-07 03:38:51
1605,487,2023-12-30 11:50:16
1606,402,2023-09-29 15:57:46
1607,154,2024-01-18 18:10:47
1608,174,2025-05-11 23:43:38
1609,225,2023-10-01 23:57:47
1610,297,2025-07-11 14:37:35
1611,43,2024-10-06 04:56:53
1612,272,2024-03-22 19:17:28
1613,119,2025-10-09 17:02:18
1614,260,2024-02-15 06:55:29
1615,420,2023-08-09 14:04:42
1616,160,2025-08-26 06:41:09
1617,465,2023-06-14 05:37:04
1618,28,2024-11-17 21:49:57
1619,396,2023-06-01 00:26:32
1620,301,2023-04-20 23:42:40
1621,402,2023-07-17 02:04:16
1622,387,2024-12-14 07:06:36
1623,162,2023-07-02 00:31:19
1624,22,2025-10-04 13:36:50
1625,252,2024-08-28 09:47:50
1626,59,2025-05-08 07:33:09
1627,144,2023-12-29 13:06:53
1628,246,2024-11-20 04:57:36
1629,292,2025-03-31 21:08:55
1630,325,2024-02-20 03:16:48
1631,14,2023-07-29 21:59:08
1632,295,2024-08-31 17:52:08
1633,275,2025-10-26 03:34:41
1634,269,2023-02-25 14:07:06
1635,103,2025-02-11 22:18:14
1636,248,2024-03-20 17:45:25
1637,59,2024-11-02 19:40:14
1638,148,2023-12-25 12:01:09
1639,210,2024-01-05 17:52:08
1640,488,2023-06-18 17:42:08
1641,114,2024-12-07 18:42:19
1642,370,2025-05-23 13:10:27
1643,28,2023-05-10 20:19:25
1644,316,2023-05-31 07:29:28
1645,397,2025-04-27 07:33:03
1646,429,2023-07-02 01:35:17
1647,91,2023-06-27 17:53:32
1648,241,2024-03-16 16:44:17
1649,0,2023-06-16 03:58:38
1650,498,2023-12-24 01:49:57
1651,22,2024-09-09 13:23:53
1652,95,2023-12-04 10:40:40
1653,434,2024-07-30 22:43:47
1654,435,2025-04-01 03:26:50
1655,247,2023-12-22 16:00:55
1656,40,2024-07-04 22:56:03
1657,28,2023-08-17 05:50:45
1658,48,2024-01-16 12:54:16
1659,76,2023-10-09 09:51:52
1660,167,2023-01-22 06:10:10
1661,456,2025-02-02 06:54:26
1662,197,2024-06-13 16:28:48
1663,475,2025-08-09 19:46:14
1664,117,2024-03-06 13:10:42
1665,345,2025-01-22 21:08:17
1666,16,2024-08-27 00:16:19
1667,245,2022-12-21 04:43:46
1668,484,2023-09-29 18:41:53
1669,48,2024-02-10 05:25:33
1670,443,2024-01-16 09:37:01
1671,228,2024-10-15 08:40:08
1672,460,2023-10-29 03:08:53
1673,39,2025-05-30 09:44:17
1674,285,2023-10-17 03:50:57
1675,464,2023-08-08 20:56:07
1676,448,2025-01-16 22:33:15
1677,192,2024-07-13 07:07:10
1678,316,2024-11-01 11:20:44
1679,439,2024-06-15 20:56:48
1680,17,2023-12-11 16:31:02
1681,341,2025-01-02 06:41:31
1682,114,2024-12-14 00:33:33
1683,296,2025-06-17 17:51:02
1684,258,2025-04-01 20:49:28
1685,8,2024-11-06 06:12:06
1686,349,2025-10-16 06:38:10
1687,332,2025-06-15 09:25:50
1688,205,2024-08-03 15:57:48
1689,197,2024-08-02 21:50:52
1690,191,2024-10-01 13:08:15
1691,346,2023-07-04 16:54:04
1692,66,2024-01-27 12:39:03
1693,499,2024-03-23 10:47:42
1694,9,2024-03-03 04:29:41
1695,94,2023-10-11 06:18:16
1696,345,2025-09-13 15:18:16
1697,392,2023-10-02 16:11:37
1698,493,2025-07-16 20:49:31
1699,8,2023-08-18 07:52:10
1700,252,2024-08-17 14:18:15
1701,290,2023-10-22 18:31:53
1702,141,2024-08-23 07:22:58
1703,130,2025-07-27 11:41:00
1704,130,2024-10-14 19:14:00
1705,203,2023-11-15 09:28:52
1706,19,2025-07-26 20:47:56
1707,12,2023-06-28 16:58:55
1708,105,2024-12-15 01:55:14
1709,86,2024-05-11 23:09:16
1710,169,2025-06-26 05:47:55
1711,104,2025-11-06 08:05:37
1712,206,2023-12-12 17:59:54
1713,424,2023-05-21 23:33:00
1714,115,2023-02-28 14:51:48
1715,147,2023-11-30 21:25:27
1716,325,2025-06-12 19:51:16
1717,415,2024-06-17 21:02:35
1718,475,2025-09-27 18:06:58
1719,443,2025-06-10 16:14:00
1720,41,2023-08-28 07:18:19
1721,212,2025-08-27 13:02:29
1722,144,2025-04-24 15:41:02
1723,490,2025-05-05 17:45:02
1724,214,2023-11-03 18:21:22
1725,203,2024-05-24 18:29:43
1726,458,2023-02-28 15:12:40
1727,349,2024-10-06 00:36:10
1728,278,2024-12-22 09:19:25
1729,72,2025-09-18 20:31:59
1730,451,2023-11-27 09:19:35
1731,325,2025-01-18 06:14:48
1732,11,2023-03-09 11:17:26
1733,478,2023-04-05 21:18:08
1734,96,2025-01-06 06:54:21
1735,143,2024-06-21 11:18:56
1736,305,2024-06-18 23:38:35
1737,38,2024-10-16 21:06:16
1738,464,2022-12-24 04:44:58
1739,372,2023-11-15 15:36:40
1740,228,2025-05-27 16:35:33
1741,414,2023-03-30 01:49:41
1742,431,2025-07-07 00:39:24
1743,63,2025-11-06 13:50:58
1744,375,2025-03-11 05:27:42
1745,444,2024-10-03 14:53:22
1746,496,2024-11-15 09:06:05
1747,458,2023-02-15 15:17:22
1748,378,2024-08-11 02:18:28
1749,58,2025-09-18 19:50:58
1750,209,2023-10-31 19:03:35
1751,231,2025-03-08 02:09:37
1752,320,2024-05-01 03:29:22
1753,236,2023-09-17 16:40:02
1754,163,2025-10-06 01:38:48
1755,39,2024-12-04 20:21:02
1756,12,2025-06-12 12:12:55
1757,227,2024-07-07 20:21:59
1758,393,2023-06-29 07:12:24
1759,380,2023-08-29 13:54:17
1760,18,2025-10-03 12:05:52
1761,292,2024-09-01 06:20:11
1762,221,2025-06-14 11:44:08
1763,133,2024-01-13 16:56:42
1764,166,2022-12-19 07:01:56
1765,197,2023-06-20 22:03:34
1766,185,2024-06-25 02:35:00
1767,244,2024-11-13 09:16:30
1768,410,2024-09-14 00:41:41
1769,141,2024-08-19 06:56:50
1770,17,2023-12-21 03:39:11
1771,206,2025-04-23 04:16:39
1772,75,2025-11-17 04:59:57
1773,158,2024-01-07 10:27:47
1774,300,2024-10-11 22:27:07
1775,248,2025-08-03 06:59:39
1776,250,2025-01-06 10:27:02
1777,151,2023-05-25 03:00:54
1778,180,2024-04-28 01:26:19
1779,128,2025-02-19 21:42:55
1780,103,2025-05-01 16:10:54
1781,146,2023-03-05 13:50:04
1782,474,2023-02-16 18:32:33
1783,447,2025-02-06 17:42:30
1784,216,2024-07-06 20:55:34
1785,70,2023-05-04 07:40:14
1786,83,2025-04-21 11:42:50
1787,198,2024-11-07 11:18:34
1788,458,2025-06-28 10:19:37
1789,105,2023-10-26 07:04:52
1790,365,2024-05-13 20:34:16
1791,431,2024-06-22 19:46:16
1792,371,2023-08-10 03:44:35
1793,489,2024-01-24 14:19:42
1794,116,2023-06-29 22:04:52
1795,219,2024-08-05 11:46:09
1796,489,2023-06-05 06:33:43
1797,365,2023-03-08 03:05:51
1798,421,2023-02-28 00:42:50
1799,370,2025-09-04 12:54:42
1800,396,2023-10-26 17:58:38
1801,371,2024-11-14 06:46:10
1802,95,2024-12-06 21:51:07
1803,459,2023-10-04 00:38:39
1804,293,2025-04-12 02:15:48
1805,55,2024-04-12 11:56:02
1806,156,2025-06-14 01:06:25
1807,334,2024-09-11 21:21:08
1808,82,2024-12-06 20:22:29
1809,229,2025-11-17 01:04:20
1810,327,2024-11-20 13:39:21
1811,323,2024-06-14 06:55:36
1812,450,2025-06-22 05:59:17
1813,270,2025-05-18 06:26:06
1814,333,2024-01-06 08:19:34
1815,84,2024-06-05 02:55:57
1816,282,2024-01-16 13:34:05
1817,96,2024-06-22 13:15:43
1818,50,2023-04-20 09:51:15
1819,103,2024-06-07 04:42:06
1820,93,2023-08-03 17:20:16
1821,111,2024-01-18 10:52:47
1822,310,2023-05-21 08:12:03
1823,9,2024-05-20 12:32:10
1824,481,2024-10-19 16:45:42
1825,43,2025-07-14 19:37:15
1826,386,2022-12-12 09:52:52
1827,465,2023-11-26 22:02:46
1828,20,2025-04-03 23:38:39
1829,315,2024-11-19 20:48:39
1830,356,2023-07-02 04:02:49
1831,79,2025-11-16 07:37:20
1832,431,2023-01-13 05:50:55
1833,308,2023-12-06 01:38:02
1834,39,2024-06-03 00:43:51
1835,248,2024-05-02 08:22:44
1836,364,2023-07-04 18:46:41
1837,422,2023-09-13 23:24:14
1838,165,2023-11-19 05:11:11
1839,88,2022-11-22 03:28:51
1840,231,2023-03-23 15:01:17
1841,467,2023-12-15 13:01:01
1842,278,2024-02-05 02:16:41
1843,474,2023-10-29 10:53:35
1844,479,2024-07-24 07:14:40
1845,33,2023-07-03 12:15:30
1846,395,2025-11-13 06:01:55
1847,498,2024-06-24 07:05:02
1848,37,2023-06-13 19:11:49
1849,475,2025-08-13 17:20:49
1850,269,2025-07-26 05:36:14
1851,448,2025-01-26 02:06:34
1852,166,2025-10-31 16:54:21
1853,360,2024-03-31 18:16:42
1854,183,2024-11-28 14:58:32
1855,263,2024-10-17 17:20:34
1856,394,2024-10-16 03:19:24
1857,0,2024-07-06 19:42:04
1858,77,2023-09-21 23:01:33
1859,264,2023-01-23 22:24:07
1860,225,2023-07-08 20:48:30
1861,446,2025-08-25 04:17:20
1862,452,2024-07-08 19:00:04
1863,405,2023-06-22 18:44:46
1864,213,2022-12-23 23:43:44
1865,210,2025-05-07 04:56:10
1866,133,2024-09-25 21:07:58
1867,3,2024-03-27 18:20:50
1868,460,2024-10-04 17:06:54
1869,382,2025-02-26 09:09:21
1870,43,2025-08-12 06:39:20
1871,484,2025-04-07 11:42:33
1872,216,2024-03-07 09:18:47
1873,407,2024-10-30 03:56:44
1874,76,2025-05-02 03:16:10
1875,347,2023-10-29 11:48:06
1876,90,2025-02-28 14:55:26
1877,178,2024-07-22 07:21:06
1878,426,2024-08-13 19:47:21
1879,307,2024-08-30 18:53:06
1880,134,2023-04-14 11:13:10
1881,71,2023-05-05 21:43:17
1882,69,2025-03-11 07:53:10
1883,322,2024-11-07 11:04:19
1884,56,2024-12-26 01:05:46
1885,387,2023-07-13 00:39:51
1886,184,2024-06-11 04:56:27
1887,52,2024-01-26 21:20:12
1888,127,2025-01-14 13:30:57
1889,45,2025-03-18 22:16:31
1890,50,2024-08-06 06:21:54
1891,486,2023-08-04 05:20:54
1892,359,2024-05-19 22:42:52
1893,6,2024-12-02 23:30:08
1894,187,2024-01-18 19:21:29
1895,36,2024-07-15 09:52:37
1896,149,2025-10-28 16:17:09
1897,477,2024-05-26 10:15:22
1898,317,2023-07-11 22:00:02
1899,214,2023-06-28 19:48:51
1900,222,2023-02-25 23:10:37
1901,227,2024-11-25 17:36:37
1902,171,2024-10-08 14:22:02
1903,360,2024-06-21 19:50:48
1904,269,2025-03-09 23:11:46
1905,80,2024-05-25 11:53:19
1906,176,2023-09-02 21:21:20
1907,293,2025-01-18 21:36:32
1908,342,2025-09-16 11:46:48
1909,191,2024-03-27 15:39:39
1910,39,2023-03-08 19:50:03
1911,418,2024-04-11 05:31:23
1912,173,2024-02-22 00:17:30
1913,245,2024-12-29 00:06:17
1914,177,2024-12-16 03:09:19
1915,234,2024-09-27 23:59:30
1916,452,2023-10-12 23:58:03
1917,64,2024-04-12 04:08:12
1918,307,2023-02-18 02:32:52
1919,456,2023-07-18 13:40:41
1920,170,2024-05-31 11:38:02
1921,187,2023-01-15 09:54:17
1922,187,2025-11-19 09:28:34
1923,143,2025-05-19 23:30:46
1924,346,2024-07-25 08:40:19
1925,467,2024-04-11 05:04:53
1926,367,2024-10-30 18:50:32
1927,40,2023-06-15 23:13:49
1928,0,2024-06-19 17:34:18
1929,265,2025-05-31 03:00:23
1930,387,2024-04-09 09:01:10
1931,400,2022-12-16 01:18:45
1932,368,2024-11-23 20:31:15
1933,128,2024-10-26 04:59:05
1934,250,2023-07-31 05:17:55
1935,432,2023-10-30 01:18:08
1936,203,2025-06-06 17:36:05
1937,78,2023-01-13 09:00:16
1938,116,2023-01-10 22:32:01
1939,125,2024-02-08 03:03:20
1940,276,2023-12-26 01:31:31
1941,309,2025-05-04 07:46:11
1942,192,2022-12-25 14:09:17
1943,494,2025-09-17 15:18:05
1944,2,2024-07-23 17:35:57
1945,276,2023-03-17 09:47:06
1946,495,2023-11-05 05:06:16
1947,295,2024-06-25 18:34:17
1948,480,2023-02-01 08:15:33
1949,125,2025-03-08 16:41:21
1950,69,2025-03-26 09:40:17
1951,440,2024-02-16 04:08:00
1952,45,2023-02-25 04:34:15
1953,339,2023-02-11 05:37:05
1954,72,2025-02-08 03:28:54
1955,485,2025-06-15 21:41:51
1956,250,2023-02-06 15:17:16
1957,140,2025-04-12 18:51:01
1958,500,2024-09-14 08:27:17
1959,47,2025-04-13 10:56:02
1960,69,2023-08-08 01:09:38
1961,104,2025-01-29 04:25:26
1962,61,2025-09-20 02:31:51
1963,201,2023-05-19 02:09:55
1964,406,2023-07-19 18:44:04
1965,285,2024-04-09 10:58:11
1966,14,2024-03-18 07:32:42
1967,186,2024-09-10 20:04:42
1968,369,2025-07-17 10:17:06
1969,51,2023-06-27 08:54:25
1970,37,2024-02-03 01:05:32
1971,212,2024-05-06 23:59:14
1972,7,2023-12-02 16:51:18
1973,489,2024-10-27 05:06:04
1974,213,2024-05-22 00:35:58
1975,42,2024-06-10 22:29:36
1976,307,2023-12-01 23:01:48
1977,163,2025-03-23 13:57:43
1978,216,2022-12-18 08:38:17
1979,406,2025-05-19 08:42:25
1980,421,2023-08-09 00:26:33
1981,300,2024-03-06 21:28:15
1982,32,2023-04-09 00:03:16
1983,71,2024-09-01 21:27:09
1984,142,2023-01-18 18:07:53
1985,443,2023-06-27 05:32:45
1986,147,2025-03-07 16:39:03
1987,219,2024-12-04 08:26:32
1988,403,2022-11-30 20:26:10
1989,413,2025-10-30 02:14:28
1990,295,2025-02-19 15:04:49
1991,314,2025-04-01 22:15:40
1992,488,2023-05-06 05:30:50
1993,192,2024-03-02 22:36:53
1994,337,2024-03-18 09:54:51
1995,80,2025-04-20 05:00:09
1996,266,2023-01-22 06:06:40
1997,122,2024-05-05 06:47:19
1998,336,2023-12-26 20:11:49
1999,442,2025-07-06 01:03:29
2000,189,2024-08-01 08:26:54
