id_fornecedor,nome,cnpj,telefone,created_at
1,Jesus Mendonça e Filhos,38.671.405/0001-24,(041) 0730-9025,2023-08-09 22:45:43
2,Lopes Alves S/A,18.276.493/0001-52,(071) 3686 7275,2024-03-04 19:22:36
3,Nogueira Castro e Filhos,59.482.736/0001-96,+55 11 7127-5183,2024-03-31 02:33:10
4,Abreu Ltda.,62.037.845/0001-09,+55 21 3906-2915,2025-09-29 01:54:47
5,Carvalho Casa Grande S/A,37.425.180/0001-63,+55 71 9951-0875,2024-05-23 22:39:58
6,Lopes,61.780.523/0001-92,81 4044-5321,2024-03-26 09:08:44
7,Teixeira,97.302.158/0001-58,(071) 2560-0360,2024-03-30 11:33:06
8,Oliveira,43.185.092/0001-34,(051) 9616 5650,2025-02-25 17:11:24
9,Siqueira e Filhos,63.142.809/0001-78,(081) 3954 4963,2023-05-02 22:07:13
10,Costa,85.940.163/0001-07,(071) 8313 6952,2023-05-21 17:56:45
11,Cavalcante,93.576.428/0001-68,+55 41 3245 1524,2022-12-07 16:09:11
12,Sales e Filhos,41.528.076/0001-71,+55 84 8391-1286,2023-08-27 22:42:12
13,Monteiro S/A,19.374.625/0001-41,+55 41 5327-2905,2023-02-24 07:13:24
14,Pastor,30.592.761/0001-40,+55 (051) 0250 0654,2022-12-06 09:46:25
15,Fogaça Campos Ltda.,08.732.461/0001-60,(081) 1529-5150,2025-03-21 12:22:34
16,Marques Leão - ME,31.482.059/0001-97,84 0727 7730,2025-04-02 22:38:23
17,Viana,53.920.761/0001-28,+55 (061) 5926 4758,2023-01-25 03:29:57
18,Montenegro,08.763.249/0001-60,+55 (081) 4712-7587,2023-09-26 05:05:23
19,Melo e Filhos,38.690.214/0001-00,11 0081 0008,2023-02-07 05:12:22
20,Pires Fogaça e Filhos,83.541.602/0001-83,61 4009 5231,2025-09-23 05:28:00
21,Marques,87.142.509/0001-57,+55 (081) 2007 4910,2025-03-15 10:08:45
22,Teixeira Pimenta - ME,84.263.570/0001-64,+55 11 7627 9382,2025-09-26 09:01:59
23,Cassiano S.A.,20.678.154/0001-44,+55 21 0536 4215,2025-11-16 12:09:53
24,Silveira,57.891.023/0001-50,21 9798-6620,2024-12-28 15:54:35
25,Aparecida - EI,21.467.350/0001-32,0800 676 6894,2023-05-24 16:33:25
26,Azevedo,59.764.103/0001-70,(084) 5978 5939,2024-02-01 15:02:38
27,Lima e Filhos,90.274.531/0001-65,(021) 2943 8520,2023-05-18 18:17:13
28,Novais - EI,61.954.827/0001-29,(021) 6483 5042,2023-09-01 08:49:29
29,Macedo,32.710.468/0001-66,+55 84 2594 6360,2023-04-30 12:22:19
30,Abreu - ME,60.754.238/0001-34,+55 (011) 3268 2470,2023-10-19 00:58:27
31,Melo,60.214.839/0001-54,(021) 8148-0899,2025-08-04 01:03:27
32,Moura Ltda.,86.175.409/0001-64,+55 11 7124 9849,2024-05-12 01:30:57
33,Borges,53.196.420/0001-51,+55 31 1633 7778,2025-11-07 17:06:39
34,Peixoto,32.056.174/0001-62,+55 (081) 8354 8478,2023-03-22 01:56:39
35,Machado S.A.,57.183.629/0001-31,(011) 0735-5752,2025-07-23 20:29:05
36,Silva,29.083.567/0001-50,+55 (011) 0192 7164,2023-04-27 13:44:48
37,Cardoso,36.452.190/0001-25,0900 925 0935,2024-02-11 10:39:02
38,Gonçalves e Filhos,46.178.592/0001-37,+55 41 0992-0510,2024-04-03 02:38:22
39,Novais S/A,91.802.354/0001-05,+55 (084) 2216 6809,2025-11-14 11:47:36
40,Sampaio S/A,81.652.349/0001-00,(051) 3689-3122,2025-08-06 06:01:51
41,Costa,30.684.571/0001-53,(041) 7501-6128,2024-06-14 18:15:02
42,Nunes - ME,53.410.296/0001-85,71 2441-5598,2024-06-16 09:01:57
43,da Cruz,17.568.249/0001-09,71 3978-3619,2025-05-05 20:01:37
44,Leão e Filhos,96.024.537/0001-60,31 0836 6761,2023-03-02 10:13:59
45,Santos,46.290.853/0001-06,41 1967 0043,2023-11-04 02:41:36
46,Brito Teixeira e Filhos,75.649.802/0001-26,31 2533-3516,2025-07-07 15:05:11
47,das Neves Andrade Ltda.,94.103.587/0001-08,51 9221 9347,2022-11-26 07:06:44
48,Melo S/A,34.710.586/0001-08,+55 (071) 6804-0492,2025-08-17 04:45:18
49,Viana,45.321.697/0001-30,0300-507-5199,2024-09-02 00:24:56
50,Moraes e Filhos,42.719.035/0001-25,84 4144 3748,2024-07-23 07:08:12
51,Rios,38.754.960/0001-10,+55 31 3635-6954,2023-01-06 17:06:06
52,Pires da Luz Ltda.,45.016.793/0001-75,+55 (081) 1711 0464,2023-05-08 17:11:15
53,Pastor,17.623.859/0001-50,0800 043 5952,2025-10-30 12:29:12
54,Carvalho Sousa e Filhos,10.932.748/0001-86,+55 21 5364 2689,2023-08-25 16:12:13
55,Farias,24.306.875/0001-84,(051) 0310 2567,2023-11-04 13:58:26
56,Ribeiro e Filhos,26.349.758/0001-23,81 9098 4637,2023-02-11 21:44:59
57,Costela,40.862.751/0001-31,0900-069-5233,2023-11-03 03:58:20
58,Pacheco,75.683.241/0001-81,(081) 0272 8568,2023-12-10 17:11:48
59,Costa e Filhos,48.571.630/0001-42,(071) 2752 7321,2025-09-19 22:47:20
60,Souza da Rocha - EI,78.943.205/0001-06,+55 21 9423 2093,2025-09-11 18:44:04
61,Cavalcanti,17.259.806/0001-00,+55 (021) 8864-1597,2024-11-20 19:25:55
62,Pereira Andrade S.A.,87.103.295/0001-00,+55 84 1486-6188,2025-06-26 14:57:08
63,Fernandes,07.549.683/0001-80,+55 (021) 3508 9727,2023-03-30 02:47:18
64,Freitas da Conceição S/A,75.936.084/0001-79,+55 (041) 8802 8244,2023-05-26 22:34:05
65,Ramos Caldeira S/A,90.172.385/0001-67,+55 (081) 7070-3972,2024-08-31 02:36:24
66,Sá,68.294.351/0001-96,+55 81 2665 3035,2023-08-29 22:59:43
67,Peixoto,13.406.572/0001-17,(084) 5858 0151,2024-02-17 16:26:33
68,Pastor S/A,08.951.346/0001-87,(011) 6430 0824,2025-04-01 12:43:16
69,da Conceição,93.120.784/0001-72,0500 937 4610,2025-08-12 04:54:13
70,da Cruz,79.320.415/0001-00,71 8171 5670,2025-04-03 00:26:16
71,Mendonça S/A,32.587.094/0001-33,81 5581-1047,2023-10-19 13:44:56
72,Lima e Filhos,06.824.397/0001-12,31 0269 0325,2025-08-02 08:45:33
73,Cassiano Barros S.A.,09.358.147/0001-22,(081) 4040-8948,2023-07-10 07:54:56
74,Martins - EI,34.285.706/0001-69,61 1937-4121,2025-05-15 07:58:36
75,Cavalcanti,74.523.981/0001-98,31 2753-3077,2024-01-04 13:55:43
76,Santos,50.863.214/0001-60,+55 (081) 2509-4186,2023-10-03 21:07:33
77,Costela das Neves S.A.,72.163.450/0001-06,+55 84 4642-2199,2023-07-11 04:38:14
78,Gonçalves,59.682.401/0001-11,+55 (084) 1569-6619,2025-07-17 05:21:38
79,Moura Mendes Ltda.,75.860.314/0001-63,+55 (084) 3507 5918,2024-12-01 03:52:23
80,Novais,20.348.956/0001-96,(071) 1381-3645,2025-10-26 09:46:14
81,Casa Grande S/A,94.567.832/0001-38,(031) 4234-7828,2025-07-31 08:35:22
82,Albuquerque,80.731.692/0001-87,41 3515 2261,2022-12-28 00:24:37
83,da Cruz Andrade - ME,53.842.176/0001-57,61 4212-2162,2024-08-12 06:17:37
84,Nogueira Sampaio Ltda.,80.154.692/0001-61,+55 81 4343-4711,2023-04-14 14:07:08
85,Moreira Ltda.,37.650.891/0001-31,+55 21 3801 2136,2023-12-15 23:06:42
86,Macedo,41.827.693/0001-78,+55 (071) 1989-3471,2025-07-28 22:16:42
87,Costa Ramos - ME,04.819.325/0001-51,0800-225-1363,2023-07-25 02:28:54
88,Ferreira Pimenta Ltda.,97.845.123/0001-65,+55 (051) 2832 4661,2023-04-02 02:02:00
89,das Neves,91.243.675/0001-17,21 6214 0154,2025-02-19 19:24:08
90,da Conceição da Rocha S.A.,15.924.680/0001-07,41 7230 4492,2025-10-14 20:18:33
91,Sampaio,95.368.724/0001-07,0800 613 8837,2024-05-09 09:42:23
92,da Cruz Camargo S/A,65.709.281/0001-00,41 2808-2856,2025-06-21 13:56:18
93,Lopes Silva - EI,93.846.701/0001-27,81 9865 5980,2025-05-07 21:10:04
94,Machado,65.397.284/0001-47,(041) 4128 3846,2024-01-08 19:55:19
95,Pinto,57.206.831/0001-31,+55 11 6864 5769,2023-12-31 01:48:36
96,Cunha,49.278.150/0001-50,(021) 1434 8225,2025-01-02 10:05:52
97,Lopes,67.240.935/0001-16,+55 51 8816 2817,2023-04-25 04:11:10
98,Aparecida - ME,17.205.849/0001-02,+55 71 2089 0266,2024-01-01 18:30:43
99,Montenegro S/A,96.307.518/0001-41,84 5615 4407,2024-04-26 09:12:14
100,Mendonça,13.948.750/0001-31,0800 810 9193,2024-08-30 21:19:31
101,Cunha S/A,39.761.280/0001-96,41 7322 2050,2024-01-18 05:49:38
102,Pires - ME,52.713.906/0001-57,31 1044 4879,2025-05-17 07:44:43
103,Azevedo - EI,87.613.940/0001-34,+55 51 7952 8262,2023-06-23 23:32:19
104,Silveira,32.479.560/0001-67,+55 51 0570 1027,2025-08-12 15:04:54
105,Ribeiro,62.931.785/0001-73,+55 (021) 9990 2573,2025-05-22 00:16:29
106,Monteiro,28.709.453/0001-00,(011) 2847-8937,2024-03-25 15:44:31
107,Pereira,32.178.964/0001-10,51 9386 5434,2023-12-27 23:11:26
108,Moura Ltda.,04.826.195/0001-84,71 2706 3386,2023-08-20 01:05:15
109,Silva,84.593.276/0001-10,11 8298-5884,2023-05-25 01:37:28
110,Ramos Ltda.,09.165.237/0001-05,31 1162 0974,2024-10-22 15:45:36
111,Melo S.A.,73.021.954/0001-54,(084) 1759-7889,2024-08-04 09:44:45
112,Moura S/A,68.092.357/0001-80,51 5961 4297,2025-11-06 12:32:29
113,Campos,27.398.165/0001-10,+55 31 2747-4426,2025-06-16 12:06:21
114,Marques,07.546.381/0001-58,0500-129-5560,2024-03-19 09:47:15
115,Santos Montenegro S.A.,62.371.840/0001-18,(071) 2711-1630,2023-08-12 09:01:50
116,Sampaio - ME,67.193.584/0001-30,0300 048 5480,2022-12-28 14:02:55
117,Cunha da Cruz S.A.,64.520.798/0001-85,0900 998 4458,2024-08-18 21:49:02
118,Cavalcanti,23.714.895/0001-21,(084) 0490 7303,2024-08-02 09:43:09
119,Azevedo,62.370.594/0001-80,+55 41 0802 3089,2023-02-26 11:21:06
120,Lopes e Filhos,95.764.823/0001-08,+55 (081) 6031-0906,2024-11-25 12:43:50
121,Alves,69.845.270/0001-08,+55 61 4028 6271,2025-07-17 18:03:32
122,Garcia,36.094.815/0001-24,51 0530 1816,2025-07-14 05:35:32
123,Viana,91.876.345/0001-69,+55 21 2290-6063,2024-09-18 22:08:46
124,da Rosa,78.195.034/0001-76,+55 (071) 8117-5741,2023-12-28 12:51:35
125,Cassiano Almeida S/A,69.054.378/0001-74,(061) 9943 1421,2025-11-13 07:59:38
126,Cavalcanti Machado - ME,23.697.548/0001-38,84 4614-5059,2024-12-24 15:11:17
127,Pastor,35.809.271/0001-77,+55 (084) 4970 2441,2025-03-01 08:07:48
128,Mendes,05.136.842/0001-99,+55 81 0540-3348,2024-08-16 03:43:29
129,Lima e Filhos,97.450.236/0001-61,(051) 5626-7819,2025-03-11 14:48:09
130,Macedo Almeida S/A,25.816.907/0001-54,84 2725-3791,2022-11-28 09:38:31
131,Rios S.A.,74.685.023/0001-13,(084) 7339-6736,2025-03-19 22:58:42
132,Andrade - ME,90.182.546/0001-01,0300 037 9495,2023-12-23 03:41:54
133,Barros S/A,34.790.825/0001-79,+55 31 7351 6480,2025-10-13 23:39:54
134,Azevedo,80.245.613/0001-28,+55 (084) 1173 1507,2023-02-15 21:56:49
135,Pacheco,58.392.046/0001-83,21 8497-6153,2025-04-09 16:25:51
136,Nascimento S/A,57.613.942/0001-62,41 0576 3378,2024-01-28 23:29:11
137,Farias,79.608.142/0001-96,+55 (081) 2105 2254,2024-08-22 15:59:24
138,da Cruz das Neves - EI,21.653.849/0001-34,(041) 1821 7481,2025-03-23 17:49:56
139,Costa - EI,73.605.841/0001-04,(011) 7666 5376,2023-07-22 02:46:30
140,Sampaio,41.087.569/0001-13,(084) 8083 8051,2023-06-14 03:42:03
141,Martins S.A.,23.014.789/0001-35,+55 (011) 6303 3257,2024-02-01 04:31:07
142,Santos S/A,90.378.516/0001-67,+55 (081) 8915-8770,2023-04-04 18:04:44
143,Jesus Ltda.,56.401.273/0001-00,31 7099 4312,2024-04-30 15:34:15
144,Montenegro S.A.,36.915.470/0001-22,+55 (031) 5543 5804,2025-03-17 18:04:07
145,Marques Rios - EI,26.017.935/0001-74,0800 340 4082,2024-05-07 03:22:35
146,Araújo,63.479.285/0001-05,0300 304 3536,2023-03-15 20:01:32
147,da Cunha,01.942.856/0001-49,(011) 7014-0973,2023-07-30 05:19:18
148,da Mata S.A.,52.931.780/0001-97,0300-566-2431,2024-05-14 10:15:30
149,Cunha,96.714.852/0001-10,0900-547-8497,2023-12-03 21:47:25
150,Peixoto,91.276.435/0001-19,+55 61 1131-8249,2023-09-23 16:19:45
151,Aparecida Vieira S/A,84.971.523/0001-75,(081) 2565-4921,2025-06-07 16:40:39
152,Barros - EI,50.319.764/0001-12,+55 (021) 0474 2005,2025-02-09 14:42:01
153,Mendes,93.702.645/0001-57,+55 (061) 2324 4059,2023-06-09 09:35:41
154,da Costa S.A.,54.732.901/0001-05,+55 (021) 1998-4735,2023-04-30 15:06:05
155,da Conceição,03.985.726/0001-19,(031) 7948 9677,2023-01-23 06:19:15
156,Fonseca Abreu S.A.,27.413.908/0001-83,(031) 2337-3509,2023-11-01 13:33:22
157,Casa Grande,96.501.732/0001-34,+55 (071) 8964 1475,2025-02-11 15:27:22
158,Câmara Rios - EI,51.260.384/0001-12,+55 (061) 8195-4240,2023-01-16 19:31:43
159,Rocha,68.937.512/0001-12,+55 71 4337 2527,2025-04-30 20:58:33
160,Cassiano e Filhos,57.629.803/0001-27,(061) 8320 2826,2023-07-20 22:34:40
161,Ramos S/A,27.154.860/0001-36,(081) 7060-2797,2025-05-03 02:57:39
162,da Rocha,85.017.634/0001-00,(051) 4813-2471,2023-01-07 11:48:30
163,Borges,41.950.836/0001-34,0300 275 2852,2025-06-19 20:18:41
164,Machado Souza S.A.,28.963.710/0001-36,71 3946-6447,2025-05-03 14:41:24
165,Moreira,54.963.287/0001-84,0500-522-3960,2025-03-04 21:08:27
166,Nascimento - ME,93.420.765/0001-61,(021) 3692-8600,2022-12-27 16:18:39
167,da Mata,38.591.620/0001-15,+55 (061) 4023 0269,2023-10-26 09:59:59
168,Souza,64.189.203/0001-50,51 2998 8075,2023-09-29 15:55:10
169,Viana,25.637.418/0001-35,41 8379-7701,2025-05-22 05:41:05
170,Castro,54.162.803/0001-71,11 0130-9339,2022-12-06 22:27:04
171,Moraes e Filhos,84.326.751/0001-92,(011) 6057 0182,2023-10-28 08:53:03
172,Pires,18.472.593/0001-54,+55 11 9323-9898,2023-09-12 13:51:58
173,Sá,47.905.263/0001-03,0300 646 5485,2023-06-19 20:49:09
174,Costa,01.234.568/0001-30,+55 41 0176-2254,2025-01-14 06:27:33
175,Silva,43.569.172/0001-93,+55 (031) 7352 3255,2025-01-09 17:56:19
176,Gonçalves - ME,36.208.715/0001-81,+55 (061) 4711-4060,2025-05-18 04:38:52
177,das Neves S.A.,90.314.568/0001-70,+55 41 2470 9010,2023-03-10 20:03:59
178,Souza Ltda.,02.896.435/0001-91,(011) 8593 4765,2024-08-08 10:20:44
179,Costela - ME,14.296.503/0001-60,61 7033-6699,2023-05-27 15:18:11
180,Fonseca Ltda.,91.372.865/0001-34,(011) 6725-2849,2022-12-22 22:14:56
181,Cunha,14.752.368/0001-10,+55 41 5726-2628,2023-01-13 04:48:43
182,Carvalho,23.658.719/0001-10,+55 41 1252-7739,2023-05-26 20:43:47
183,Costela - EI,06.451.278/0001-61,+55 21 7614-6676,2024-08-05 13:41:18
184,Silva S/A,97.834.016/0001-31,+55 71 2201 9711,2023-11-02 07:34:24
185,Leão Vasconcelos S.A.,60.581.934/0001-96,71 3588 6492,2024-07-25 12:35:43
186,Silva Câmara S.A.,40.286.957/0001-60,(011) 4100 6983,2023-10-31 07:29:50
187,Abreu,38.216.479/0001-70,(084) 4600-6552,2023-12-28 13:10:39
188,Rocha,23.074.965/0001-24,0800-139-6277,2024-07-12 08:09:22
189,Siqueira,65.831.709/0001-84,(081) 9943-1685,2024-01-08 22:48:20
190,Oliveira - EI,61.849.372/0001-81,+55 (071) 2627-8544,2025-11-09 12:54:18
191,Rios,43.987.526/0001-10,+55 (071) 4385-8697,2024-02-10 23:21:47
192,Sales,17.943.258/0001-24,(081) 8068-7933,2025-06-06 00:55:48
193,da Cunha Vieira S.A.,43.019.578/0001-00,71 2752 9833,2025-10-28 14:29:29
194,Nogueira Pires e Filhos,76.250.314/0001-04,21 0356 6432,2023-12-13 07:28:34
195,Vieira,81.936.470/0001-63,+55 (021) 4997 0073,2023-10-09 20:03:26
196,Fernandes,19.286.753/0001-33,(011) 1266 5833,2025-01-10 19:01:57
197,Ribeiro,08.765.124/0001-70,+55 (084) 4853-2257,2023-07-05 22:35:02
198,Garcia da Luz - EI,83.417.650/0001-64,+55 71 3045 3962,2023-09-20 10:38:52
199,Costa Pastor S.A.,81.742.653/0001-48,+55 (011) 7845-8868,2025-03-19 08:15:04
200,Martins Gonçalves Ltda.,84.720.196/0001-89,(051) 4219 0906,2024-09-12 13:30:28
201,Carvalho Cirino Ltda.,89.125.370/0001-69,(071) 8130-4197,2024-05-03 13:15:22
202,Machado - EI,37.219.068/0001-76,+55 (021) 5076-3267,2025-05-11 04:56:42
203,Moura e Filhos,05.418.926/0001-15,+55 (051) 7160 8923,2022-12-25 00:07:11
204,Borges,25.830.671/0001-00,0300 708 3510,2023-10-02 02:38:51
205,Guerra S/A,21.764.385/0001-33,(061) 6668-4678,2023-12-19 12:48:49
206,Campos Campos - EI,90.362.815/0001-03,+55 41 9887 4335,2025-09-20 04:53:06
207,Viana Sampaio e Filhos,56.470.819/0001-77,0900-589-2115,2025-08-20 01:24:07
208,Moraes Camargo e Filhos,92.315.704/0001-71,81 4492 9307,2025-06-21 13:10:25
209,Moura da Conceição Ltda.,15.602.943/0001-61,81 5257-0044,2024-06-26 13:33:32
210,Aragão Duarte - EI,46.120.983/0001-09,+55 (071) 4189 7022,2024-07-16 15:44:59
211,Caldeira,41.893.762/0001-41,(031) 7228-5255,2024-11-24 07:59:24
212,Ramos - EI,51.796.238/0001-06,+55 (084) 8461 5678,2025-11-11 01:32:09
213,Cardoso Aparecida e Filhos,82.591.730/0001-79,+55 84 3841-8778,2025-06-18 07:39:26
214,da Costa Ltda.,36.172.405/0001-54,+55 61 0635-8357,2025-02-17 18:29:44
215,Duarte,19.302.854/0001-50,+55 51 5642 1241,2025-06-23 16:08:08
216,da Rocha S/A,91.476.308/0001-63,+55 61 9664 3286,2022-12-31 12:23:11
217,Cavalcanti Sampaio - EI,05.296.748/0001-05,+55 84 2155 8369,2024-09-20 21:17:13
218,Vasconcelos,92.341.580/0001-07,84 4892 8673,2023-01-26 16:29:30
219,Garcia da Rosa S/A,60.539.241/0001-35,(051) 8211 4383,2025-11-09 11:18:32
220,Pastor Albuquerque - EI,90.123.685/0001-56,(031) 7322-5170,2025-08-27 13:47:59
221,Almeida,73.065.428/0001-96,21 8988 3268,2025-06-14 22:51:34
222,Oliveira,40.689.735/0001-99,+55 21 7152 8259,2023-07-18 09:58:39
223,Souza,27.951.486/0001-08,+55 (081) 4204 9888,2023-10-19 01:12:56
224,Sá,65.037.482/0001-08,+55 (011) 7966-6239,2023-08-28 01:55:28
225,Gonçalves,14.268.509/0001-24,(031) 9536 1163,2024-08-23 16:12:22
226,Vasconcelos Cassiano - ME,23.140.658/0001-02,(041) 6196 6915,2023-11-07 05:27:08
227,Cunha da Mata - EI,98.365.247/0001-06,(011) 9335-4296,2024-04-29 18:38:38
228,Ferreira - EI,90.146.238/0001-12,+55 31 3711-8795,2024-07-13 23:51:42
229,Barbosa Ltda.,76.591.302/0001-43,(051) 5139 0466,2025-10-19 15:45:47
230,da Cruz,71.368.924/0001-93,61 5958 9375,2025-07-31 23:44:23
231,Ribeiro,51.683.402/0001-79,+55 (011) 0947-0818,2023-11-28 08:58:46
232,Oliveira Cassiano - EI,50.632.149/0001-61,+55 81 7069 4249,2023-04-06 09:57:29
233,Correia Rodrigues S/A,80.147.369/0001-60,21 6827-0463,2025-04-11 06:51:19
234,da Mota,82.397.145/0001-32,+55 (031) 3389-2223,2025-04-29 09:55:15
235,Casa Grande,09.352.876/0001-71,+55 41 6301 8493,2022-12-29 16:43:35
236,Martins,38.297.504/0001-98,(071) 3757 9545,2023-12-07 19:18:35
237,Gonçalves Freitas e Filhos,21.367.590/0001-65,71 2805 9158,2024-07-07 22:23:09
238,Ribeiro,23.495.687/0001-89,+55 41 0510 3802,2024-05-20 06:54:20
239,Moraes,57.263.489/0001-01,(041) 3155-2609,2024-04-16 12:31:08
240,da Cunha Pires S/A,96.715.208/0001-66,(071) 4242 0097,2023-10-17 05:12:34
241,Nunes - EI,97.418.052/0001-14,84 0384 2453,2025-10-02 14:31:39
242,Camargo,60.329.451/0001-07,0500 386 1989,2022-12-17 08:31:47
243,da Cruz,74.156.830/0001-49,0800 810 8690,2024-02-13 05:58:36
244,Oliveira,53.186.472/0001-47,61 1280 3410,2023-02-14 05:50:26
245,Cavalcanti Farias e Filhos,96.581.324/0001-30,+55 11 6360 8519,2024-07-28 01:58:40
246,Rezende Cunha - EI,60.513.974/0001-09,+55 71 4316 4908,2023-12-10 05:48:44
247,da Conceição,53.142.708/0001-43,0500-995-5986,2024-03-04 23:18:46
248,Campos S.A.,86.317.420/0001-11,+55 71 4178 8320,2025-06-05 06:56:19
249,da Rocha Monteiro S.A.,19.843.607/0001-61,+55 (051) 4765-8587,2025-11-16 13:02:35
250,Cardoso,26.530.498/0001-98,61 8439 5472,2024-06-10 15:51:31
251,Porto - EI,38.902.154/0001-41,0300-553-7556,2024-10-30 11:09:30
252,Moraes,96.375.142/0001-02,+55 (041) 0447 2462,2025-05-10 18:40:14
253,Caldeira Vargas S/A,85.421.963/0001-11,21 0760 3083,2023-08-30 05:15:52
254,da Luz Mendes S.A.,81.749.362/0001-81,+55 81 5518-9302,2024-08-28 04:31:52
255,Guerra Ltda.,20.786.593/0001-70,+55 71 8900 6287,2023-10-31 02:11:31
256,da Rosa e Filhos,21.036.795/0001-68,41 5813 9280,2022-11-28 01:54:18
257,da Rocha Ltda.,31.480.592/0001-10,71 1219 4616,2025-01-28 11:36:39
258,Nunes,24.089.653/0001-57,84 7917-9759,2024-11-07 02:02:07
259,Brito Campos S.A.,74.893.602/0001-51,11 9987 4467,2025-06-24 07:04:25
260,Sales,97.245.361/0001-30,(084) 2086-0804,2024-03-31 15:19:03
261,Almeida S/A,69.248.571/0001-46,+55 71 7485 5484,2024-03-15 12:06:02
262,Azevedo,69.217.345/0001-06,81 9238 2473,2023-03-30 10:28:46
263,Rocha,54.190.268/0001-62,+55 (071) 9182-3907,2023-01-12 15:55:58
264,Gomes Guerra - ME,86.239.170/0001-49,21 9651 8513,2024-06-20 09:53:29
265,Cardoso Nunes - ME,30.645.987/0001-62,+55 (071) 5475-3347,2024-07-01 19:15:13
266,Cavalcanti S.A.,90.362.548/0001-74,11 3198 7023,2023-11-26 16:07:04
267,Aragão,98.750.214/0001-80,+55 61 4376-6067,2025-01-03 08:21:49
268,Sousa - ME,15.297.406/0001-55,+55 51 0613 5255,2024-10-27 21:17:00
269,Gomes,98.526.107/0001-72,+55 (031) 5552-7521,2023-05-22 18:11:38
270,Peixoto Ltda.,65.209.843/0001-48,+55 (041) 6675-3463,2025-06-26 14:23:01
271,Cirino,09.261.345/0001-73,+55 (011) 0211-2582,2023-11-10 19:08:00
272,Nunes - ME,64.983.210/0001-20,+55 (084) 7750 8336,2025-09-15 15:57:43
273,Rodrigues,83.724.516/0001-06,0300-240-4942,2025-10-10 12:35:45
274,Montenegro - ME,06.793.425/0001-81,(081) 7032 6162,2023-04-10 16:08:35
275,Vieira,42.093.815/0001-02,(031) 6016 4493,2024-10-05 20:23:41
276,Vargas,28.394.016/0001-45,+55 31 3751-9753,2024-05-20 04:29:35
277,da Mata,25.406.183/0001-70,+55 21 8610-2605,2023-06-13 02:47:54
278,Novaes Pimenta - ME,80.973.521/0001-64,84 6270 6649,2024-10-13 09:23:02
279,Macedo,51.346.972/0001-73,(031) 8105 6922,2024-11-29 21:43:22
280,da Paz Ramos - ME,26.517.438/0001-35,+55 84 3746 7054,2024-09-26 15:36:45
281,Aragão,07.156.924/0001-20,(031) 7282-0657,2024-02-14 02:59:14
282,Mendonça,43.972.608/0001-90,+55 (041) 6360 8687,2024-03-15 19:28:43
283,Melo,18.074.259/0001-42,(061) 6069 1382,2023-03-17 04:31:45
284,Novais,32.089.715/0001-59,0500-244-9155,2025-02-26 15:05:03
285,Pires Nogueira - ME,63.852.417/0001-00,+55 (071) 8421-6221,2023-03-15 23:00:37
286,Sampaio - ME,58.143.962/0001-80,61 8620-4813,2025-02-01 16:53:08
287,Carvalho,48.159.320/0001-15,0900-765-5042,2024-11-10 03:53:06
288,da Mota,74.920.583/0001-05,61 6746 8494,2024-01-03 10:05:16
289,Ramos,86.253.479/0001-93,+55 81 2174 5495,2025-04-18 10:36:33
290,Moreira e Filhos,75.341.920/0001-72,+55 (021) 4863-9664,2023-10-02 06:46:20
291,da Mota Pires e Filhos,31.269.547/0001-10,84 7269 4654,2023-04-18 08:18:39
292,Siqueira Ltda.,42.360.175/0001-50,31 9866-1362,2025-07-01 11:58:51
293,Rios,14.635.782/0001-40,+55 (081) 0045-4711,2025-05-31 13:32:22
294,Borges Campos Ltda.,41.023.769/0001-02,+55 (041) 3575-1884,2025-10-19 18:39:57
295,Pacheco,64.372.591/0001-00,+55 41 8906-3922,2025-04-29 00:07:24
296,Nogueira Montenegro - EI,31.928.645/0001-12,(081) 7427 9386,2023-03-17 09:08:01
297,Farias,79.143.850/0001-07,(084) 2579-2149,2024-04-17 11:18:01
298,Montenegro,49.627.013/0001-84,0500-535-1987,2024-08-14 05:52:29
299,Melo Ltda.,10.627.495/0001-37,0900 099 1523,2023-07-09 09:39:58
300,Gonçalves,61.584.792/0001-83,+55 31 9307 9279,2023-03-19 16:37:37
301,Sousa da Cruz S.A.,21.375.908/0001-50,(011) 1172 0486,2025-06-14 23:45:47
302,Teixeira,97.531.820/0001-41,(011) 5315-5034,2025-10-19 11:51:20
303,Freitas e Filhos,07.165.832/0001-07,+55 31 4788-0099,2023-03-30 11:36:58
304,da Conceição S/A,43.702.659/0001-00,(051) 9672-5791,2024-02-19 01:01:14
305,Cardoso e Filhos,18.693.407/0001-07,11 5368 2054,2023-10-20 13:18:20
306,da Paz - ME,38.465.972/0001-24,(041) 5266-5932,2023-10-07 05:37:21
307,Cunha Porto Ltda.,42.153.768/0001-45,(041) 9856 2109,2024-08-26 19:37:50
308,Moraes,51.794.826/0001-00,(041) 3552 9224,2023-10-05 07:00:22
309,Montenegro Farias S.A.,17.689.450/0001-36,71 9242-8966,2023-09-02 15:36:40
310,Caldeira,76.219.503/0001-14,(021) 8196 3291,2023-08-01 11:17:20
311,Siqueira,56.089.732/0001-54,+55 (041) 9433-1690,2025-03-11 19:33:20
312,Albuquerque,21.743.508/0001-50,+55 41 2176-4519,2025-05-15 23:15:36
313,Siqueira Ltda.,42.956.018/0001-01,71 5538 6935,2023-07-12 17:28:36
314,da Mata - EI,93.648.072/0001-20,+55 61 9639-7614,2024-07-09 20:56:13
315,Teixeira e Filhos,54.320.769/0001-16,+55 84 2682 7644,2024-06-11 17:27:28
316,Farias,17.538.290/0001-24,+55 (041) 6905-1744,2023-06-24 02:37:34
317,Santos da Cunha - ME,32.079.584/0001-29,(041) 3430-8596,2023-01-20 14:13:23
318,da Rosa Cavalcanti - EI,06.732.945/0001-84,0800 879 3570,2024-03-24 15:52:20
319,Cassiano,10.956.284/0001-48,+55 (021) 6187 2173,2025-06-27 07:19:33
320,Viana S.A.,61.359.248/0001-38,(061) 4070-2717,2025-06-19 15:08:02
321,Sales,58.432.907/0001-00,(021) 9412-4620,2023-12-28 00:16:41
322,Cirino Nascimento S/A,75.269.831/0001-62,(031) 0622 4858,2024-11-24 15:31:46
323,Castro S.A.,63.287.901/0001-26,0800 454 1913,2024-11-07 23:43:06
324,Mendes,87.941.520/0001-87,41 7606 8815,2024-01-01 21:34:12
325,Rezende S.A.,75.241.936/0001-03,+55 51 4786 4554,2024-01-16 00:47:15
326,Aparecida - EI,67.820.451/0001-46,+55 84 1052-2426,2024-06-28 05:12:31
327,Sá Peixoto - EI,58.012.463/0001-53,+55 71 0433-4524,2025-11-06 14:17:04
328,Nogueira Borges - ME,67.851.294/0001-36,(084) 3818-7886,2025-05-09 18:22:32
329,Farias S/A,58.637.240/0001-81,(041) 6069 3856,2025-11-04 07:53:36
330,Câmara Costela S.A.,64.872.915/0001-70,(084) 3588 0930,2024-11-08 12:51:49
331,da Rosa,45.832.971/0001-36,+55 (084) 4110-4167,2024-02-17 10:26:16
332,Cardoso,96.072.831/0001-48,+55 (061) 0168-8660,2023-07-24 18:52:09
333,Monteiro Ltda.,74.536.809/0001-79,+55 (021) 4954 8602,2024-08-14 14:17:49
334,da Conceição Borges S.A.,64.857.023/0001-08,0300 972 7098,2024-01-23 09:21:44
335,Fogaça Aparecida Ltda.,51.823.067/0001-67,0800 837 0336,2023-07-17 10:01:57
336,Novais Rocha Ltda.,68.752.390/0001-90,(041) 4525 9783,2025-03-01 16:24:27
337,Rezende,07.312.586/0001-79,+55 41 0893 4020,2025-03-14 11:16:59
338,Ribeiro,35.416.702/0001-35,(021) 0097 3440,2023-01-04 13:37:42
339,Carvalho - ME,29.537.048/0001-15,(051) 2605 0763,2024-01-02 20:21:45
340,Moraes S.A.,63.795.104/0001-50,+55 21 2609 6542,2025-10-06 12:57:43
341,Cavalcante Ltda.,12.348.760/0001-73,+55 (071) 5543 6965,2024-06-01 11:43:53
342,Melo,58.973.260/0001-23,61 4951 6880,2025-08-20 05:38:38
343,Sampaio - ME,48.792.630/0001-72,+55 51 9676 5334,2024-02-06 18:45:25
344,Cardoso - ME,26.153.908/0001-29,51 4207 8624,2024-01-02 15:07:54
345,Machado Barros - EI,01.736.459/0001-10,51 6690 9446,2023-02-01 19:06:09
346,Marques,37.928.651/0001-56,+55 84 1037-6651,2025-08-11 03:59:12
347,Dias Mendes S.A.,38.296.501/0001-30,+55 (011) 8886-8020,2024-07-29 19:56:56
348,Nascimento Moraes - EI,57.134.082/0001-84,51 2905 0084,2023-10-15 21:27:34
349,Fonseca Carvalho e Filhos,71.802.536/0001-79,+55 31 7721 6526,2024-11-07 00:37:57
350,Alves,74.308.962/0001-49,61 9988 6652,2023-10-26 07:30:10
351,Macedo,61.298.537/0001-74,+55 (071) 3503 4728,2025-07-29 00:37:27
352,Cavalcante,27.431.906/0001-17,+55 (061) 3858 8589,2023-04-12 21:11:21
353,Santos,85.140.739/0001-51,(021) 4226 2514,2023-10-25 22:48:15
354,Fonseca Aparecida - EI,35.268.174/0001-14,(051) 5929-1295,2023-11-21 17:22:24
355,Fonseca S.A.,51.286.793/0001-98,+55 (051) 5284-4908,2024-03-06 09:14:18
356,da Rosa,08.376.214/0001-79,61 3427 2816,2024-09-12 01:30:28
357,Costela,14.630.759/0001-62,+55 71 2929 1087,2025-06-27 21:58:46
358,Cunha,26.034.598/0001-23,31 4504-7114,2025-02-15 17:05:07
359,Moraes S/A,63.284.970/0001-86,+55 (051) 5476 2988,2025-11-07 14:54:51
360,Correia,56.741.203/0001-93,0800-397-1934,2022-12-13 07:58:59
361,da Conceição,81.056.327/0001-87,+55 (061) 4528-1777,2025-07-04 08:14:13
362,Pereira,06.142.985/0001-76,+55 71 7870 4512,2025-08-08 23:47:21
363,Camargo,79.012.354/0001-06,+55 (061) 7718-8336,2023-07-20 07:50:13
364,Albuquerque,71.936.528/0001-15,+55 51 4495 8843,2025-03-26 03:54:50
365,Siqueira e Filhos,57.843.962/0001-20,+55 21 2924-0376,2023-03-17 22:33:42
366,Fernandes,34.205.769/0001-68,+55 (061) 4390 6597,2023-05-08 18:23:11
367,Carvalho,79.214.560/0001-07,(071) 2010 5926,2023-09-08 06:23:55
368,Teixeira,97.624.380/0001-77,0800-240-3870,2025-02-23 00:22:08
369,Ferreira,85.632.971/0001-07,0300 436 9467,2023-04-26 10:34:50
370,Costa,23.580.796/0001-02,61 7510-7063,2023-01-22 15:54:09
371,da Rocha Ramos - ME,20.537.691/0001-74,+55 (051) 8673-3736,2023-12-24 13:58:42
372,Gomes,58.361.274/0001-96,31 1272 5894,2024-06-13 04:23:47
373,Souza,38.167.095/0001-05,(011) 2880-4007,2023-05-15 16:20:26
374,Monteiro,31.620.487/0001-39,(071) 5665 9220,2023-03-18 10:10:31
375,Correia,96.105.782/0001-00,0300-903-6592,2024-12-18 06:50:01
376,Freitas - EI,79.314.065/0001-61,0500-129-7180,2024-03-16 19:43:26
377,Mendonça,82.973.610/0001-36,+55 (084) 7826 6976,2023-08-28 22:51:54
378,Dias,47.609.835/0001-07,51 7494 5111,2023-02-09 13:56:22
379,Aragão,63.891.704/0001-11,51 4062 4046,2023-07-06 20:10:41
380,Cunha,09.425.368/0001-76,0300-777-9597,2024-12-18 11:23:49
381,Fonseca,19.456.308/0001-74,61 5090 7409,2023-04-19 07:49:36
382,Ribeiro,01.342.968/0001-69,21 2643 3761,2024-11-17 04:52:47
383,Andrade Garcia - EI,42.087.563/0001-09,81 9872-7315,2025-03-23 14:03:10
384,Almeida Porto - ME,78.652.140/0001-31,0800-245-6090,2024-08-09 14:29:41
385,Gonçalves,58.293.401/0001-67,21 4674 2495,2023-03-31 12:09:46
386,Barbosa Borges e Filhos,39.056.247/0001-65,81 4951 8552,2023-06-23 18:21:07
387,Cavalcante,69.418.752/0001-73,0500 267 9963,2025-01-14 06:42:23
388,Pereira,68.901.572/0001-85,+55 (031) 6783-8647,2024-12-21 05:26:11
389,Almeida,89.213.754/0001-33,+55 (051) 5910-9653,2024-07-24 03:19:15
390,Gonçalves - ME,50.412.793/0001-24,+55 (061) 5113 7235,2023-04-15 13:04:35
391,Mendonça Brito Ltda.,87.914.036/0001-69,+55 71 3153-1784,2023-06-30 02:06:43
392,Lima,21.647.589/0001-94,0800 280 5196,2025-03-28 22:39:12
393,Porto,21.798.053/0001-70,11 1733 1801,2025-03-06 19:32:18
394,Garcia - ME,95.081.364/0001-50,+55 21 1308-1514,2024-10-09 09:15:05
395,Garcia Aragão - EI,67.910.582/0001-14,+55 31 9745 6887,2024-05-28 09:36:57
396,Pastor,90.361.527/0001-34,(084) 1122 9652,2024-11-04 18:04:10
397,da Rocha Teixeira - ME,71.485.963/0001-70,+55 71 5237-6408,2024-08-14 19:53:14
398,Moraes Porto e Filhos,32.675.401/0001-38,(011) 2532-0280,2023-03-12 02:00:14
399,Fernandes,37.519.680/0001-64,51 1082 1472,2023-06-28 10:02:04
400,Garcia Silva S/A,29.635.708/0001-09,+55 41 7601-6643,2022-12-17 15:59:00
401,Novaes Barbosa S/A,43.967.012/0001-00,+55 (031) 4138 7680,2025-10-11 13:00:17
402,Leão,14.276.980/0001-64,(061) 0516 1290,2023-10-29 23:12:17
403,Moraes,79.418.620/0001-03,+55 81 8732-9330,2025-01-16 09:27:58
404,da Costa,25.173.640/0001-24,+55 (021) 3642-5788,2023-11-12 15:22:43
405,Cavalcante,18.309.276/0001-11,21 1173 5480,2024-03-28 17:42:34
406,Camargo Ltda.,89.754.210/0001-89,(011) 9677 0791,2024-06-14 11:15:19
407,Costela,81.594.763/0001-00,51 6518 1683,2023-07-24 12:45:54
408,Vasconcelos S/A,53.817.042/0001-86,+55 (041) 9079-3129,2023-01-13 23:39:12
409,Pimenta,78.203.569/0001-41,+55 84 1309 1905,2023-05-31 19:09:56
410,Novaes,95.821.640/0001-79,+55 81 4321-1092,2024-01-27 09:30:12
411,Fogaça,97.135.482/0001-29,(051) 4394 8451,2023-05-27 02:53:21
412,Castro,20.853.197/0001-19,(011) 1085-6166,2025-01-05 02:40:15
413,Marques e Filhos,74.251.063/0001-57,21 1987-5311,2025-11-17 11:04:13
414,Rios,20.659.438/0001-93,+55 (041) 2511 2094,2022-12-19 23:06:39
415,Novais Ltda.,20.784.369/0001-40,(031) 0360-5061,2023-12-16 15:02:47
416,da Rocha Cardoso - EI,91.620.358/0001-72,+55 (051) 5195-9796,2023-04-13 21:17:13
417,Costa,78.943.205/0001-06,(041) 0212 6693,2024-10-15 19:42:40
418,Almeida,39.478.521/0001-94,+55 (084) 1933-8672,2025-09-09 02:29:10
419,das Neves S/A,13.904.682/0001-09,+55 51 0066 4742,2024-07-07 22:09:39
420,Brito,43.521.968/0001-76,51 5544 8197,2023-12-30 07:22:05
421,Viana,95.364.180/0001-05,0500-099-5300,2025-09-29 19:34:16
422,Andrade,46.028.197/0001-78,+55 (051) 5752-1414,2024-09-15 09:46:48
423,Porto,42.657.810/0001-65,(061) 0043-9909,2024-09-02 17:11:48
424,Rocha - ME,12.894.357/0001-40,+55 71 4267-7761,2023-07-22 04:58:09
425,Cirino,25.976.813/0001-42,+55 31 0771-8743,2024-01-22 08:04:59
426,Aragão Novais - EI,47.532.196/0001-29,+55 (031) 9021 7617,2023-07-25 16:20:41
427,Araújo Nascimento - ME,27.691.435/0001-86,+55 (031) 5024-4852,2025-11-12 03:11:22
428,da Cunha,64.019.275/0001-50,+55 81 0464 0546,2024-02-04 18:05:25
429,Sá,07.632.489/0001-63,81 8919 9319,2023-08-20 04:21:12
430,Pires,70.932.516/0001-50,(021) 7006 9184,2024-05-03 11:56:12
431,Araújo e Filhos,73.965.421/0001-20,31 5731-3437,2023-04-22 04:08:38
432,Mendes,01.864.532/0001-30,(061) 3999-2343,2024-01-09 12:13:54
433,da Cunha Dias - EI,24.356.019/0001-33,(051) 6919-7058,2024-11-24 12:22:15
434,Garcia,30.581.649/0001-04,0900-736-5609,2023-04-17 05:04:15
435,Aparecida Castro e Filhos,69.248.370/0001-49,81 9668 8433,2024-12-11 07:28:16
436,Pacheco Ltda.,39.016.825/0001-30,61 4228-6810,2024-06-06 06:24:54
437,Cavalcante,23.417.058/0001-30,+55 (031) 8897 1680,2024-01-10 18:00:26
438,Sousa,23.651.048/0001-65,0800 628 3311,2024-01-02 18:49:12
439,Montenegro S.A.,48.561.037/0001-15,+55 (084) 4020 6386,2022-12-25 12:40:30
440,Moreira Rios S.A.,24.956.813/0001-18,(011) 5024-3262,2025-08-09 04:03:40
441,Campos - EI,19.204.756/0001-80,0800 140 7036,2023-08-14 23:29:46
442,da Mota,74.853.091/0001-44,(081) 3833-2130,2024-01-20 21:59:38
443,Macedo Freitas - ME,80.491.263/0001-80,+55 11 3167-8807,2025-06-30 02:03:42
444,da Paz,39.248.605/0001-31,+55 (041) 8087-5404,2025-05-04 06:17:28
445,Montenegro,83.049.216/0001-79,71 3703-0361,2025-04-20 03:30:46
446,das Neves Ltda.,91.274.536/0001-50,+55 61 7721-7025,2023-04-24 07:36:52
447,Borges Ltda.,72.105.863/0001-34,+55 11 8028 3140,2024-06-18 17:18:43
448,Câmara Ltda.,19.726.503/0001-77,(061) 1756 1468,2025-08-07 21:31:04
449,Aparecida Ltda.,26.980.351/0001-08,+55 (081) 3879 2600,2024-01-18 01:40:17
450,Andrade Cavalcante - EI,53.621.870/0001-44,+55 51 2542 1762,2023-10-01 15:38:30
451,Vargas,01.492.378/0001-12,0500-997-1329,2024-07-04 12:23:44
452,da Cruz S.A.,83.549.120/0001-70,+55 (071) 7679 4053,2022-12-04 19:29:36
453,da Costa S.A.,74.563.201/0001-33,+55 (041) 9272 0852,2022-11-30 00:36:50
454,Dias Cavalcanti e Filhos,35.719.648/0001-05,+55 84 1427 3873,2025-02-26 15:42:42
455,Martins,49.503.612/0001-96,61 3065-8667,2025-01-17 14:03:22
456,Montenegro Ltda.,80.349.617/0001-56,+55 31 2322 5027,2025-10-20 06:25:38
457,Andrade Ltda.,40.193.278/0001-47,+55 31 1988-3511,2024-02-16 20:11:05
458,Caldeira S.A.,05.726.348/0001-84,81 1125-5368,2025-08-27 00:54:24
459,Dias,58.910.346/0001-07,+55 21 3239-2918,2024-03-02 11:03:02
460,Machado,65.037.921/0001-74,81 7735 8191,2024-06-14 16:33:32
461,Mendonça - EI,94.103.672/0001-76,41 1424 7020,2025-01-01 16:08:44
462,da Luz,51.987.624/0001-85,+55 (021) 7518 6150,2024-04-09 14:33:13
463,Sampaio,98.532.641/0001-91,51 4258 0420,2023-07-22 19:59:19
464,Vasconcelos,56.701.824/0001-43,+55 51 1449 9537,2023-12-15 13:38:45
465,Sales Azevedo Ltda.,38.147.029/0001-73,71 3857 7051,2025-07-16 22:31:11
466,Brito Andrade - ME,52.084.976/0001-93,+55 41 0079-9457,2023-12-26 16:15:42
467,Pacheco,94.071.263/0001-35,51 0030 5788,2023-08-03 05:08:03
468,Alves,51.297.068/0001-15,+55 (051) 5454-8887,2024-11-07 17:04:53
469,Castro Ltda.,94.715.862/0001-44,0900-564-5539,2023-06-11 06:23:27
470,Peixoto Cassiano e Filhos,38.402.751/0001-07,41 9518-1165,2025-07-23 14:14:11
471,Moreira,23.140.598/0001-10,0900 962 9964,2024-10-22 01:40:07
472,Farias,27.813.069/0001-90,0500-154-7383,2024-12-17 04:31:33
473,Fogaça,60.518.327/0001-81,+55 (011) 8598 5500,2025-07-20 20:16:45
474,Cavalcante da Conceição - ME,20.369.541/0001-07,+55 (011) 3681-9579,2024-04-23 22:46:01
475,Albuquerque,93.804.765/0001-65,+55 41 1499 2219,2023-04-09 04:26:05
476,da Costa,17.325.689/0001-27,(021) 1152-1403,2023-08-09 15:19:50
477,Freitas S/A,69.513.704/0001-64,+55 84 2470-2086,2023-03-20 16:42:34
478,da Mata da Cruz - EI,36.419.250/0001-08,+55 61 9968-7250,2024-04-24 23:18:40
479,da Paz S.A.,79.045.318/0001-49,+55 (011) 5990 2503,2023-02-09 23:42:28
480,Azevedo - EI,54.128.936/0001-21,+55 81 7889-3535,2024-08-07 03:15:23
481,Rocha - ME,35.496.281/0001-08,+55 (061) 4641-6595,2024-12-08 05:54:09
482,Cunha,90.278.536/0001-66,51 9813 9551,2024-05-23 20:42:20
483,da Cruz Camargo S/A,90.671.543/0001-23,0300-912-6282,2025-08-30 20:31:01
484,Viana - EI,16.820.539/0001-27,+55 (081) 0519 6276,2024-11-18 06:44:19
485,Abreu e Filhos,18.423.609/0001-39,+55 (051) 0880 2257,2024-06-15 04:26:31
486,Martins - EI,41.639.278/0001-90,51 2871 1296,2024-11-08 23:38:08
487,Sales Ltda.,84.635.079/0001-17,11 9812-7827,2023-03-05 06:27:57
488,da Paz,21.497.658/0001-20,+55 (071) 1835 9452,2025-08-14 16:52:38
489,Câmara,08.379.154/0001-48,(021) 9691 8406,2023-04-05 03:12:10
490,Pinto,02.736.589/0001-16,41 8235-4579,2025-05-06 12:30:41
491,Santos e Filhos,15.274.036/0001-30,+55 21 2779 3684,2025-11-01 00:36:55
492,Fogaça,80.517.492/0001-26,61 1616-5346,2023-12-15 20:57:38
493,Rocha Guerra - ME,94.713.805/0001-26,(011) 2926-6594,2023-07-07 03:20:22
494,Fernandes,67.358.410/0001-80,+55 (051) 6703 0412,2025-04-12 13:39:01
495,Vieira - ME,01.395.748/0001-01,+55 81 0433 4957,2025-07-06 03:43:34
496,Lima Cavalcante e Filhos,62.913.508/0001-38,+55 84 0453-8288,2023-10-15 23:58:17
497,da Conceição,90.716.453/0001-01,(041) 1460-0301,2024-07-11 08:52:17
498,Ribeiro,46.230.851/0001-21,(061) 0227-8221,2023-05-18 18:01:45
499,Rocha - ME,39.478.165/0001-09,+55 (011) 0353-8883,2024-10-20 10:43:31
500,Albuquerque S.A.,89.162.540/0001-85,+55 (051) 6102 2101,2024-02-24 00:42:42
