id_produto,nome,categoria,preco,created_at
1,Dignissimos,perspiciatis,1582.1,2024-11-06 04:41:43
2,At,laborum,938.16,2023-05-13 01:47:30
3,Quos,magnam,1199.75,2024-05-29 12:22:46
4,Assumenda,nulla,288.67,2025-03-27 23:42:24
5,Ex,odit,1323.33,2025-08-22 16:46:33
6,Recusandae,architecto,1434.22,2025-07-25 03:00:41
7,Recusandae,itaque,1912.91,2023-06-18 04:46:32
8,Ullam,dolore,1443.59,2025-09-21 13:09:47
9,Inventore,placeat,90.86,2023-10-10 09:31:34
10,Dolores,voluptatibus,1575.39,2024-08-09 19:49:55
11,Itaque,inventore,1039.93,2024-02-26 08:21:04
12,Incidunt,maxime,1416.08,2023-05-25 10:57:57
13,At,labore,162.92,2024-11-17 17:04:56
14,Voluptatibus,fugiat,475.55,2025-02-05 23:34:32
15,Optio,quod,701.28,2025-06-07 00:23:36
16,Eligendi,ex,1186.03,2024-03-13 16:28:02
17,Illo,dolor,910.07,2024-11-27 23:03:15
18,Nesciunt,optio,59.81,2023-05-05 04:00:38
19,Dignissimos,doloremque,1472.35,2024-08-01 01:17:24
20,Doloremque,praesentium,106.03,2023-04-17 19:51:05
21,Modi,atque,1995.24,2023-01-09 20:18:55
22,Iste,aspernatur,1095.74,2023-03-28 12:08:27
23,Commodi,corporis,916.41,2023-01-15 07:41:41
24,Et,nulla,1722.06,2023-02-07 17:55:06
25,A,perspiciatis,529.79,2024-11-27 19:37:19
26,Animi,iusto,774.38,2024-11-25 04:54:50
27,Voluptates,sapiente,1202.84,2025-07-09 22:48:34
28,Officiis,porro,1124.61,2024-12-31 08:03:47
29,Neque,fugit,1614.19,2023-08-14 15:53:09
30,Quidem,minima,1830.08,2025-10-07 16:13:41
31,Nobis,consequuntur,720.15,2025-01-10 06:34:15
32,Atque,unde,480.71,2024-10-01 09:45:05
33,Ratione,officia,593.97,2025-03-12 22:21:31
34,Ratione,repellendus,693.85,2024-02-02 14:14:29
35,Minima,est,419.67,2025-02-06 12:26:14
36,Magnam,numquam,466.74,2025-03-14 13:35:58
37,Dicta,commodi,515.17,2023-06-21 18:14:08
38,Debitis,facilis,1075.99,2024-10-15 18:25:43
39,Labore,velit,530.69,2025-11-11 00:59:58
40,Amet,deleniti,391.99,2024-11-05 20:57:55
41,Distinctio,vero,1226.11,2025-07-15 16:52:16
42,Neque,vitae,206.47,2023-01-29 21:33:39
43,Unde,ipsa,1028.87,2025-03-28 03:12:15
44,Facilis,eos,1376.65,2023-05-19 04:38:38
45,Iusto,dolore,141.03,2024-08-13 04:17:08
46,At,officia,301.39,2025-04-18 04:55:07
47,Consectetur,accusantium,1448.38,2025-05-05 22:11:57
48,Deserunt,ea,1831.75,2023-03-31 03:58:09
49,Necessitatibus,veniam,913.08,2023-08-01 16:32:26
50,Ea,cumque,1038.85,2023-06-10 09:24:25
51,Nihil,ea,1910.22,2023-04-25 06:47:42
52,Voluptatem,quibusdam,1582.19,2025-02-27 15:42:04
53,Repellendus,libero,45.59,2023-02-12 15:06:58
54,Animi,neque,582.96,2024-10-13 03:50:14
55,Sequi,quisquam,1845.45,2023-03-02 21:51:37
56,Porro,sed,614.56,2024-12-22 14:31:28
57,Quidem,sed,144.35,2023-10-14 03:38:04
58,Excepturi,eligendi,128.8,2023-09-11 15:13:14
59,Possimus,maxime,1541.94,2024-12-21 02:14:40
60,Mollitia,dolores,986.51,2024-08-16 07:12:31
61,Fugit,sunt,573.76,2024-10-20 00:40:17
62,Molestias,corporis,513.32,2023-07-06 09:01:25
63,Mollitia,ut,1640.6,2023-06-01 01:59:17
64,Omnis,provident,983.05,2023-11-29 02:02:34
65,Aperiam,nulla,898.56,2024-02-09 02:08:10
66,Possimus,adipisci,642.3,2024-09-24 02:08:13
67,Doloremque,tempora,750.27,2023-12-21 06:37:29
68,Numquam,asperiores,217.04,2025-10-19 18:23:56
69,Laudantium,architecto,514.06,2025-07-25 13:36:54
70,Excepturi,nesciunt,1793.37,2025-01-30 05:37:14
71,Labore,cumque,1119.43,2023-04-27 23:54:24
72,Voluptate,fuga,1526.53,2023-04-18 03:33:36
73,Quas,placeat,240.61,2023-01-10 09:20:39
74,Eveniet,error,699.18,2024-11-28 18:35:19
75,Voluptate,nesciunt,1251.16,2025-10-07 10:05:02
76,Voluptates,consectetur,543.91,2022-12-27 04:41:12
77,Vel,blanditiis,1174.86,2024-02-15 20:10:14
78,Ad,atque,1351.84,2024-10-11 10:08:32
79,Aperiam,ipsa,1145.43,2025-01-26 15:54:21
80,Amet,expedita,1092.33,2023-03-01 12:49:19
81,Modi,eos,1238.41,2023-07-25 11:48:15
82,Totam,molestiae,327.19,2024-10-10 07:28:38
83,Sunt,molestiae,48.29,2025-09-30 17:20:10
84,Accusamus,totam,238.16,2024-09-12 00:05:23
85,Explicabo,iure,1502.32,2023-05-06 07:14:35
86,Ea,a,1117.29,2023-08-06 18:01:58
87,Soluta,voluptatem,454.73,2024-12-21 21:21:05
88,Delectus,aut,1647.85,2023-04-26 15:37:15
89,Quas,aliquam,1618.9,2022-12-08 00:21:26
90,Amet,in,1125.6,2024-06-01 08:18:29
91,Facere,doloribus,690.28,2023-07-30 00:25:06
92,Quam,temporibus,1048.25,2025-01-02 15:08:48
93,Mollitia,et,262.74,2025-02-17 15:46:55
94,Voluptatum,commodi,1138.32,2024-12-16 05:41:15
95,Earum,unde,538.12,2024-07-11 09:27:24
96,Recusandae,quidem,494.99,2023-10-02 12:08:52
97,Unde,aspernatur,1956.81,2025-01-19 20:51:36
98,Animi,fugit,1476.24,2023-01-08 00:35:41
99,Quas,ullam,1262.82,2025-08-03 11:57:19
100,Animi,soluta,919.08,2024-12-08 06:11:08
101,Repudiandae,dolorem,971.08,2025-09-18 11:49:54
102,Amet,in,1691.47,2024-04-23 11:07:38
103,Quae,beatae,898.06,2024-06-29 08:33:33
104,Consequuntur,veniam,977.8,2025-08-22 04:53:29
105,Aliquid,ex,1724.98,2025-02-07 18:16:33
106,Omnis,excepturi,1923.53,2024-10-17 11:55:25
107,Pariatur,sed,279.22,2023-03-07 10:43:05
108,Veniam,voluptatibus,377.8,2023-10-30 00:05:29
109,Cupiditate,soluta,951.98,2022-11-29 01:36:16
110,Cum,quo,1108.0,2025-05-27 18:10:47
111,Occaecati,voluptatum,340.2,2024-12-22 16:15:43
112,Asperiores,eos,1422.22,2025-01-22 04:03:15
113,Minima,reprehenderit,405.7,2024-11-19 00:52:44
114,Iusto,eligendi,1935.84,2025-02-15 11:35:28
115,Earum,aut,1584.38,2023-03-03 23:01:02
116,Culpa,quisquam,1765.03,2023-01-22 04:22:18
117,Rerum,rerum,493.73,2025-05-12 19:11:23
118,Similique,dolorem,1579.91,2024-01-30 23:35:59
119,Adipisci,quam,11.2,2024-02-16 20:08:52
120,Nostrum,distinctio,503.97,2024-03-23 20:03:17
121,Illo,ex,228.4,2024-05-15 13:34:43
122,Labore,consequuntur,325.47,2025-09-02 23:46:04
123,Totam,a,822.18,2023-12-03 09:11:48
124,Consectetur,eligendi,1151.92,2024-09-18 04:02:20
125,Fugit,rem,1675.87,2023-09-04 00:59:58
126,Asperiores,quia,513.66,2025-08-30 13:32:27
127,Exercitationem,inventore,101.19,2025-04-14 13:12:54
128,Delectus,facere,392.43,2023-02-02 14:11:04
129,Non,dolorem,545.11,2023-11-18 05:16:13
130,Esse,voluptatibus,955.6,2025-08-29 16:16:28
131,Voluptas,quasi,380.06,2024-08-27 00:30:18
132,Quod,voluptatum,1339.5,2025-06-24 22:51:31
133,Quo,iure,1411.62,2025-11-16 22:41:31
134,Officiis,doloribus,625.7,2023-10-03 21:18:08
135,Impedit,debitis,229.2,2025-08-15 07:08:21
136,Quam,ratione,612.19,2024-08-01 04:58:50
137,Odio,molestiae,1164.43,2023-03-06 18:25:45
138,Temporibus,debitis,1292.48,2023-05-27 08:30:40
139,Porro,sequi,69.87,2025-11-20 01:47:56
140,Cupiditate,voluptas,1021.65,2023-05-20 07:08:41
141,Quos,doloremque,803.54,2025-04-01 12:32:03
142,Impedit,quae,1863.53,2025-07-19 18:18:29
143,Veniam,harum,1806.02,2023-01-07 12:57:29
144,Earum,tempore,73.52,2023-10-31 06:43:27
145,Soluta,doloribus,1328.74,2023-12-19 16:00:28
146,Molestias,provident,1865.79,2025-08-02 18:35:23
147,Itaque,quisquam,801.14,2023-01-04 11:57:52
148,Totam,qui,1159.72,2024-07-09 05:12:16
149,Voluptate,dolorum,333.43,2025-06-30 16:21:37
150,Odit,hic,609.71,2025-06-21 16:06:13
151,Tenetur,impedit,84.1,2023-03-18 18:47:49
152,Porro,nostrum,214.85,2023-11-08 23:36:49
153,Voluptate,ipsam,482.63,2025-07-11 02:18:33
154,Libero,doloremque,1030.72,2024-08-21 04:45:26
155,Modi,ipsam,768.57,2024-10-20 07:13:08
156,Vitae,eaque,823.16,2024-01-12 22:02:28
157,Officiis,quam,334.29,2024-11-09 18:46:13
158,Doloribus,voluptas,1167.63,2025-10-10 06:27:05
159,Nihil,quam,1982.32,2024-06-04 06:40:47
160,Qui,eligendi,265.25,2023-02-16 21:48:31
161,Suscipit,distinctio,330.82,2023-04-16 22:46:54
162,Repellat,explicabo,1764.22,2025-01-23 19:01:24
163,Numquam,quisquam,267.37,2022-12-09 09:39:36
164,Odit,voluptatum,80.24,2023-05-23 13:33:51
165,Pariatur,nulla,632.46,2025-09-02 04:17:05
166,Nemo,nam,943.34,2024-09-29 05:25:27
167,Culpa,optio,1224.06,2024-09-04 19:19:16
168,Dignissimos,non,1390.99,2023-06-15 12:22:42
169,Voluptate,quo,1586.14,2024-04-18 12:37:15
170,Dolores,temporibus,984.98,2024-09-26 04:24:56
171,Reiciendis,perspiciatis,1322.26,2024-11-05 06:15:10
172,Facilis,beatae,882.03,2025-04-16 09:21:18
173,Eius,culpa,103.45,2023-06-04 02:58:05
174,Maxime,natus,1103.51,2025-04-25 23:38:47
175,Esse,odio,1504.86,2025-08-02 17:00:01
176,Accusamus,suscipit,719.97,2023-08-16 02:57:18
177,Repellat,quam,1187.41,2023-09-18 06:58:59
178,Ex,delectus,1222.26,2024-08-21 17:41:23
179,Debitis,minus,1542.26,2024-04-15 05:37:51
180,Voluptate,necessitatibus,1756.07,2023-04-01 04:22:01
181,Maxime,ab,1343.51,2023-03-24 06:43:24
182,Omnis,sed,1825.23,2024-02-08 08:16:56
183,Velit,nam,168.48,2025-06-03 15:02:26
184,Optio,ab,503.2,2023-03-16 16:34:58
185,Autem,aperiam,1983.54,2023-11-25 21:29:15
186,Voluptatum,sed,1173.44,2025-06-18 17:05:54
187,Ipsum,beatae,1624.6,2023-06-20 04:27:58
188,Neque,illo,1668.34,2022-12-12 11:35:21
189,Dolorem,adipisci,1881.86,2023-03-07 01:41:14
190,Ipsa,neque,1770.48,2023-12-16 22:00:08
191,Dolorum,ipsum,873.82,2024-10-04 20:17:53
192,Molestiae,amet,201.73,2025-06-15 16:53:07
193,Fugiat,accusamus,1264.81,2023-08-29 05:23:30
194,Perspiciatis,earum,1124.05,2023-01-10 22:53:04
195,Eum,libero,927.18,2024-01-26 22:44:57
196,Iste,eaque,1864.98,2024-10-11 06:26:55
197,Sequi,velit,1925.5,2023-09-02 08:33:33
198,Iste,aut,1116.39,2022-12-29 08:27:21
199,Expedita,tenetur,1948.09,2025-04-24 02:51:28
200,Officiis,magni,1272.42,2025-09-23 13:53:24
201,Accusantium,quaerat,1615.5,2023-09-03 01:29:54
202,Non,tempore,791.32,2024-12-11 05:00:08
203,Debitis,quidem,27.19,2024-12-19 07:35:29
204,Possimus,consectetur,1676.19,2024-09-25 05:43:44
205,Culpa,debitis,380.62,2023-04-27 02:03:27
206,Harum,sequi,1278.11,2025-11-06 03:53:01
207,Ab,atque,528.24,2025-04-15 11:55:28
208,Distinctio,inventore,664.98,2025-01-17 07:26:01
209,Voluptatum,nisi,1821.65,2025-05-18 14:52:59
210,Nihil,nemo,1676.58,2024-01-18 13:54:07
211,Corporis,deleniti,176.42,2025-08-01 01:36:07
212,Dicta,dolorem,793.05,2024-03-25 10:07:42
213,Excepturi,nesciunt,415.73,2024-06-30 14:40:40
214,Consectetur,rerum,1996.01,2025-07-05 13:50:57
215,Nihil,quas,1328.21,2024-09-25 10:15:50
216,Esse,quibusdam,899.75,2025-11-10 19:51:14
217,Labore,eius,1159.96,2023-02-20 14:43:00
218,Dicta,ab,1224.91,2025-08-25 01:35:00
219,Suscipit,laboriosam,1284.72,2024-06-29 14:24:44
220,Eum,ipsa,1208.34,2023-07-14 09:10:56
221,Officiis,mollitia,1251.49,2025-04-08 05:38:11
222,Illum,rem,1836.35,2024-09-18 16:57:04
223,Totam,ex,1959.38,2024-11-15 21:55:25
224,Alias,assumenda,539.43,2024-02-17 19:56:37
225,Ad,totam,1663.5,2025-09-29 09:31:43
226,Aliquam,dignissimos,364.17,2025-07-29 12:07:52
227,Odio,reiciendis,128.89,2024-09-17 10:32:04
228,Iste,nesciunt,1818.93,2024-01-16 08:53:03
229,Veritatis,distinctio,1496.19,2024-10-16 21:02:24
230,Distinctio,non,1483.59,2024-02-29 04:57:23
231,At,quod,1223.61,2024-05-18 23:18:56
232,In,doloribus,1415.17,2023-12-13 12:22:35
233,Similique,porro,734.13,2022-12-17 09:58:03
234,Velit,inventore,767.95,2023-10-16 03:50:32
235,Necessitatibus,sint,1772.87,2023-04-08 02:11:33
236,Necessitatibus,optio,305.86,2023-04-16 10:50:31
237,Dolorum,similique,1720.1,2022-12-18 13:07:33
238,Iure,labore,1194.91,2022-11-25 11:50:08
239,Vero,labore,580.85,2022-12-10 17:17:05
240,Doloremque,aspernatur,1809.9,2025-10-10 12:08:29
241,Corrupti,aliquam,831.87,2023-10-31 20:49:28
242,Molestiae,perferendis,842.34,2024-05-27 21:53:06
243,Maxime,minima,1100.26,2025-04-01 18:57:37
244,Quas,omnis,379.88,2025-03-25 05:32:05
245,Tenetur,culpa,960.87,2024-05-18 09:42:38
246,Quis,deserunt,1495.59,2024-08-08 06:16:12
247,Ut,doloribus,1797.31,2024-04-13 11:56:23
248,Numquam,quod,980.71,2024-05-24 23:30:58
249,Enim,error,433.83,2025-10-22 00:53:13
250,Accusamus,nesciunt,623.38,2025-02-02 12:53:25
251,Iusto,quia,1959.42,2025-01-01 21:01:34
252,Sint,ratione,180.9,2025-07-16 13:08:19
253,Libero,molestias,443.76,2023-09-11 00:44:01
254,Fugiat,accusantium,210.5,2023-02-24 19:24:54
255,Placeat,molestiae,1603.93,2024-01-03 04:43:32
256,Minus,ullam,459.19,2023-06-28 23:51:47
257,Officiis,non,300.82,2025-02-24 03:19:23
258,Unde,harum,1889.61,2023-10-10 03:09:43
259,Delectus,temporibus,1698.22,2024-08-08 11:50:43
260,Nisi,blanditiis,474.52,2024-09-27 01:40:16
261,Animi,voluptas,883.28,2025-07-09 10:06:11
262,Accusamus,aliquid,760.04,2023-09-22 08:09:02
263,Iure,quod,671.0,2024-09-12 03:03:55
264,Porro,adipisci,1803.61,2024-12-30 11:31:46
265,Architecto,hic,1206.27,2025-03-28 04:29:45
266,Tempora,maxime,1491.72,2023-03-01 04:08:38
267,Odit,ducimus,1993.94,2023-01-26 03:48:28
268,Ut,minima,944.99,2024-08-10 22:19:10
269,Distinctio,in,232.24,2025-01-28 15:54:42
270,Consectetur,omnis,464.95,2023-06-28 04:23:40
271,Fuga,sit,1603.91,2023-02-11 23:14:23
272,Reiciendis,vel,1208.66,2024-03-17 19:17:53
273,Neque,minus,1823.68,2022-12-03 12:46:56
274,Suscipit,officia,962.12,2024-02-08 16:20:25
275,Nisi,facere,1952.06,2025-09-09 11:03:23
276,Repellendus,dolor,484.78,2024-08-29 13:11:28
277,Cum,autem,837.83,2025-08-09 01:50:20
278,Delectus,dolor,912.97,2023-11-27 15:01:58
279,Praesentium,quibusdam,1328.37,2023-04-30 21:35:14
280,Asperiores,provident,1776.3,2023-09-20 14:10:58
281,Quia,autem,127.38,2023-12-20 23:36:21
282,Magnam,laboriosam,991.9,2023-03-30 18:35:13
283,Quidem,quae,1977.23,2024-04-11 06:41:13
284,Quibusdam,nisi,252.83,2024-09-22 11:06:37
285,Officia,numquam,1612.4,2023-01-18 23:42:16
286,Corrupti,repudiandae,538.33,2024-04-01 04:41:19
287,Officia,perspiciatis,1241.3,2024-02-23 10:23:55
288,Dolore,quaerat,294.46,2025-09-22 02:34:15
289,Ducimus,molestiae,790.79,2023-01-29 12:48:37
290,Qui,praesentium,75.37,2025-04-11 04:04:09
291,Facere,cupiditate,1665.49,2025-10-21 05:09:24
292,Placeat,perferendis,436.02,2025-03-14 23:48:26
293,Nesciunt,officia,505.72,2023-03-25 08:42:16
294,Repudiandae,vero,1521.16,2025-08-14 13:47:25
295,Culpa,recusandae,1853.14,2023-04-05 23:52:15
296,Voluptates,aliquid,709.68,2025-11-16 02:58:03
297,Necessitatibus,reprehenderit,788.3,2024-08-27 20:52:14
298,Autem,maiores,428.07,2024-08-29 12:58:11
299,Ipsam,inventore,604.83,2023-01-12 11:01:04
300,Et,vel,380.54,2024-03-04 18:28:16
301,Saepe,blanditiis,1581.79,2025-09-03 06:41:45
302,Vitae,quisquam,38.99,2024-12-11 06:42:29
303,Incidunt,neque,67.97,2023-10-05 16:01:22
304,Deserunt,quia,1837.69,2025-11-06 01:47:41
305,Labore,numquam,1064.59,2025-01-01 17:13:22
306,Nulla,amet,549.64,2023-03-02 04:25:24
307,Totam,laudantium,445.66,2025-04-01 04:11:00
308,Dicta,ut,223.82,2025-10-10 22:08:41
309,Iste,vero,1187.26,2025-09-15 09:41:05
310,Culpa,placeat,784.5,2024-11-11 07:45:52
311,Nemo,quae,1330.7,2023-03-06 17:50:35
312,Assumenda,provident,1210.6,2022-12-16 05:55:44
313,Explicabo,non,461.41,2023-11-10 20:14:15
314,Excepturi,voluptatibus,127.04,2024-09-14 07:11:23
315,Quibusdam,cumque,1775.98,2024-11-24 08:32:46
316,Cupiditate,explicabo,924.63,2024-01-03 05:18:44
317,Ratione,at,746.73,2025-08-28 07:28:31
318,Alias,quae,15.01,2022-12-26 05:51:56
319,Mollitia,consequatur,981.63,2024-01-25 19:46:38
320,Possimus,autem,487.36,2025-02-05 06:38:31
321,Similique,nostrum,1581.38,2024-02-28 17:16:42
322,At,rerum,65.19,2025-03-10 04:15:50
323,Aut,asperiores,1841.03,2023-06-19 23:01:38
324,Ducimus,unde,1139.07,2025-02-22 12:43:11
325,Minus,ullam,104.72,2024-07-24 06:31:44
326,Suscipit,dolore,1349.83,2025-08-03 19:49:09
327,Perferendis,eligendi,758.65,2024-02-03 12:58:59
328,Et,voluptas,487.56,2025-06-10 09:01:48
329,Eum,tempore,1784.27,2023-08-10 11:16:35
330,Voluptate,libero,1274.49,2025-05-16 20:52:53
331,Alias,distinctio,332.68,2023-03-08 23:23:28
332,Eius,nam,1854.67,2024-12-01 19:12:39
333,Recusandae,quae,200.5,2023-08-15 19:22:37
334,Pariatur,id,136.46,2023-09-01 05:09:11
335,Veritatis,rem,598.89,2025-10-07 06:43:34
336,Accusamus,minus,619.27,2023-03-25 00:29:30
337,Aspernatur,dolores,991.28,2024-12-07 15:43:53
338,Eos,repudiandae,1944.51,2025-02-02 16:48:19
339,Eos,dolore,1297.4,2023-07-24 01:31:40
340,Nihil,dignissimos,218.12,2024-12-04 23:06:13
341,Consequuntur,ex,288.91,2024-05-23 09:32:28
342,Voluptatibus,quidem,235.72,2023-12-22 16:56:28
343,Vitae,necessitatibus,432.22,2024-01-23 15:29:37
344,Optio,cumque,1557.31,2023-09-28 00:51:50
345,Rem,a,306.42,2023-03-31 14:00:06
346,Alias,ipsum,1011.56,2024-11-19 09:29:14
347,Suscipit,nam,226.01,2024-03-10 06:06:17
348,Reprehenderit,in,1712.7,2025-10-26 17:23:21
349,Occaecati,corrupti,1676.15,2024-03-17 21:40:57
350,Earum,est,1079.65,2025-09-16 23:13:57
351,Nulla,placeat,1519.13,2025-06-21 20:27:48
352,Qui,quas,1760.63,2023-03-14 09:52:45
353,Eligendi,magni,1195.74,2025-07-01 13:32:54
354,Similique,delectus,741.09,2023-08-09 22:45:13
355,Illo,animi,1232.68,2024-02-20 05:37:06
356,Magnam,similique,91.33,2023-11-06 08:57:55
357,Sapiente,consequuntur,961.99,2023-07-21 20:17:26
358,Suscipit,qui,1377.13,2024-07-12 00:41:53
359,Pariatur,id,826.21,2023-06-19 18:37:05
360,Ducimus,vel,1619.92,2025-03-01 23:58:16
361,Aliquid,itaque,1982.03,2025-10-31 01:56:23
362,Culpa,explicabo,1463.38,2025-05-01 14:37:55
363,Nesciunt,nostrum,1137.03,2022-12-27 09:44:25
364,Assumenda,distinctio,1556.32,2022-12-13 13:31:38
365,Atque,hic,118.99,2024-03-27 01:45:32
366,Eligendi,magni,560.86,2024-10-20 06:41:56
367,Dignissimos,animi,868.03,2025-08-25 21:03:20
368,Minus,rem,301.73,2025-10-15 02:34:28
369,Porro,possimus,1355.13,2023-09-24 05:27:15
370,Molestiae,adipisci,220.39,2025-01-26 00:56:44
371,Excepturi,sed,1988.94,2024-04-30 20:14:32
372,Iste,quod,1734.56,2023-04-14 06:13:54
373,Ex,minus,136.42,2023-03-10 18:35:43
374,Deleniti,dignissimos,75.75,2024-05-01 05:02:55
375,Illum,est,418.38,2024-04-16 15:01:08
376,Voluptatum,quisquam,1795.46,2023-01-03 07:45:35
377,Labore,dolore,1412.04,2024-11-03 18:56:59
378,Repudiandae,dolore,670.56,2024-12-15 04:36:34
379,Praesentium,dolorum,725.48,2025-02-22 17:07:52
380,Error,aliquid,774.18,2023-10-29 16:47:05
381,Architecto,reiciendis,377.39,2025-05-19 20:06:58
382,Commodi,voluptatibus,584.75,2022-12-05 02:29:16
383,Officiis,recusandae,1534.76,2025-10-05 09:18:03
384,Perferendis,delectus,1764.1,2024-01-02 10:04:42
385,Enim,nesciunt,1889.26,2025-02-11 11:14:40
386,Laudantium,odio,10.34,2025-01-17 14:35:21
387,Nihil,quam,1848.72,2022-11-28 05:39:59
388,Adipisci,corporis,575.16,2023-10-25 13:32:13
389,Labore,perspiciatis,1247.39,2024-08-28 15:22:43
390,Quisquam,quisquam,1991.16,2023-08-11 07:09:37
391,Ut,quas,952.4,2023-06-28 03:50:21
392,Delectus,ratione,243.44,2025-11-19 05:33:05
393,Aut,unde,222.8,2024-08-25 16:19:56
394,Deserunt,delectus,1343.12,2023-02-10 13:41:52
395,Ullam,corporis,739.14,2023-03-13 12:12:49
396,Adipisci,fugiat,408.5,2023-03-22 21:29:21
397,Quo,amet,1297.97,2025-08-26 19:46:11
398,Id,deleniti,1665.27,2023-12-27 04:01:16
399,Doloribus,distinctio,1739.85,2024-01-06 05:02:48
400,Expedita,magni,367.1,2024-06-08 03:56:06
401,Repellat,id,933.57,2024-12-29 09:37:00
402,Tenetur,autem,1355.71,2025-10-02 13:07:54
403,Autem,veniam,290.23,2023-05-05 18:40:41
404,In,rerum,1510.5,2025-08-20 23:43:06
405,Itaque,pariatur,1991.75,2025-07-23 15:14:19
406,Iste,illum,908.98,2024-04-21 04:57:40
407,Dicta,consequuntur,334.73,2024-08-20 21:33:28
408,Debitis,placeat,1009.02,2025-02-26 19:30:34
409,Praesentium,cupiditate,943.59,2024-09-30 03:57:57
410,Quia,tempora,1513.49,2023-10-04 23:13:16
411,Autem,magnam,779.73,2023-07-23 09:43:59
412,Praesentium,voluptates,1155.63,2025-07-12 23:36:11
413,Facere,voluptas,1579.55,2024-01-10 20:33:48
414,Error,eum,544.23,2022-11-29 15:04:33
415,Voluptas,dignissimos,25.87,2023-05-22 10:03:31
416,Ipsam,dolor,1519.5,2024-12-25 02:17:14
417,Vero,placeat,1745.9,2024-01-25 01:56:02
418,Quasi,saepe,167.26,2024-04-24 15:49:09
419,Est,fugit,463.09,2023-12-13 05:46:10
420,Ipsam,laborum,208.14,2023-06-09 16:48:28
421,Eveniet,temporibus,1254.7,2023-02-27 17:08:34
422,Eius,corporis,1054.03,2025-03-30 15:58:49
423,Quis,dicta,1620.99,2024-05-05 00:44:43
424,Dolor,sequi,305.41,2022-12-15 02:02:43
425,Sint,fugit,1601.76,2024-03-11 13:59:47
426,Culpa,blanditiis,1454.5,2023-05-21 20:25:23
427,Occaecati,debitis,313.99,2023-01-14 21:20:21
428,Dignissimos,aperiam,992.61,2023-10-25 16:37:01
429,Sint,minus,189.29,2022-12-25 16:21:03
430,Aut,at,1893.01,2024-04-12 08:10:23
431,Veritatis,enim,678.11,2024-08-12 02:29:09
432,Eos,quaerat,1260.31,2023-12-04 05:35:16
433,Incidunt,officia,100.01,2023-08-24 13:22:59
434,Quaerat,quia,1400.88,2025-09-05 06:43:19
435,Ex,odit,1832.63,2022-11-27 22:31:30
436,Quam,nulla,181.7,2024-08-08 12:19:36
437,Dignissimos,quaerat,599.9,2023-09-17 07:05:38
438,Dolor,animi,22.09,2025-10-16 09:40:31
439,Perferendis,repudiandae,662.06,2023-07-31 10:12:10
440,Accusamus,rerum,425.02,2025-02-05 16:31:27
441,Officiis,vitae,75.92,2023-09-14 09:08:45
442,Dolorem,dolore,427.09,2024-08-24 14:19:14
443,Possimus,dicta,25.95,2024-06-11 13:47:54
444,Libero,hic,991.78,2024-05-06 06:35:04
445,Id,fugiat,735.0,2025-10-04 16:09:06
446,Explicabo,minus,388.63,2025-03-12 13:32:05
447,Accusantium,nihil,868.48,2023-11-19 11:21:51
448,Molestiae,mollitia,1524.36,2025-03-30 14:05:38
449,Quaerat,sequi,1934.96,2025-09-11 21:52:26
450,Quam,unde,243.96,2024-12-17 03:47:23
451,Aperiam,quos,304.99,2022-12-08 09:36:25
452,Necessitatibus,laudantium,248.14,2023-11-01 09:03:48
453,Expedita,vero,1062.05,2023-12-09 09:38:29
454,Natus,quos,789.23,2023-11-16 00:30:30
455,Ipsum,officia,166.61,2024-10-11 19:36:09
456,Est,qui,1015.35,2023-09-30 07:09:54
457,Aperiam,aut,678.06,2023-10-16 16:04:05
458,Nostrum,sunt,745.25,2025-02-10 03:01:55
459,Recusandae,odio,1770.07,2023-03-15 15:34:25
460,Maxime,qui,1685.93,2025-08-21 00:23:18
461,Explicabo,delectus,578.77,2025-06-14 14:32:46
462,Ad,quasi,1961.55,2025-08-04 10:02:38
463,Cupiditate,neque,914.01,2024-07-31 08:27:47
464,Atque,consequatur,1653.62,2025-06-07 03:31:02
465,Labore,assumenda,803.95,2025-01-03 08:13:07
466,Deleniti,eius,1667.67,2024-01-15 05:38:12
467,Libero,iusto,1176.52,2023-01-11 14:31:24
468,Unde,et,540.02,2025-11-08 01:45:14
469,Veniam,voluptates,458.4,2023-11-27 02:32:43
470,Excepturi,aspernatur,309.91,2024-09-11 07:03:00
471,Iure,architecto,583.82,2023-11-02 06:54:03
472,Dicta,reiciendis,569.43,2025-02-02 10:25:48
473,Eius,est,1420.16,2024-05-10 04:33:38
474,Officiis,aperiam,211.39,2024-11-16 17:51:52
475,Ab,sunt,1484.33,2024-02-05 20:44:21
476,Praesentium,a,1980.66,2023-01-20 01:30:54
477,Perspiciatis,numquam,304.67,2024-05-07 07:04:17
478,Alias,minima,174.09,2025-02-02 18:18:52
479,Et,hic,1402.8,2025-01-20 02:12:24
480,Necessitatibus,sunt,635.28,2023-04-09 00:44:27
481,Eligendi,doloribus,519.87,2025-07-17 04:04:34
482,Possimus,repellat,1906.18,2025-04-24 00:56:10
483,Dolore,eos,1871.55,2025-04-08 04:01:10
484,Dolorum,non,177.31,2022-12-22 20:11:12
485,Tempora,iste,412.2,2024-10-14 18:31:36
486,Illo,esse,436.07,2024-02-27 08:03:51
487,In,quam,1327.33,2023-02-22 01:31:32
488,Hic,suscipit,1611.92,2025-05-31 17:26:57
489,Culpa,a,609.04,2024-09-17 08:19:15
490,Repellendus,quis,1916.12,2023-10-04 01:48:52
491,Tenetur,at,990.29,2025-03-16 16:15:56
492,Doloribus,ad,1178.16,2023-09-10 08:02:49
493,Ea,asperiores,141.0,2022-12-17 13:42:49
494,Sed,eligendi,552.74,2023-09-26 12:19:54
495,Minus,eius,1818.65,2024-08-24 20:36:46
496,Amet,amet,1325.2,2024-04-26 15:22:23
497,Necessitatibus,aliquam,1075.76,2022-12-10 01:12:51
498,Unde,odit,113.11,2025-09-07 07:47:04
499,Tenetur,dicta,1505.01,2022-12-20 10:35:47
500,Nobis,sed,753.49,2025-10-16 05:32:48
501,Omnis,ratione,411.96,2025-08-06 22:06:57
502,Odit,voluptates,1209.36,2023-05-08 20:18:06
503,Sunt,corporis,1320.63,2024-07-30 09:34:09
504,Quaerat,similique,1189.77,2025-01-10 18:36:50
505,Eum,saepe,1747.27,2024-05-09 23:02:56
506,Nostrum,ea,726.82,2025-01-19 11:39:50
507,Fugit,pariatur,806.35,2025-02-09 07:47:32
508,Dicta,rerum,518.94,2022-11-27 03:12:16
509,Sit,cum,397.64,2022-11-23 10:33:47
510,Temporibus,magnam,346.69,2023-06-19 23:45:51
511,Fuga,harum,1055.32,2023-03-03 07:31:43
512,Mollitia,exercitationem,1383.57,2025-08-12 00:01:17
513,Reprehenderit,amet,1476.85,2025-04-22 17:42:06
514,Necessitatibus,corrupti,156.83,2025-11-13 02:05:55
515,Perferendis,dignissimos,919.93,2023-08-03 10:32:19
516,Aliquam,doloremque,1964.23,2024-01-17 10:50:45
517,Quo,quia,335.44,2025-01-12 18:56:27
518,Vero,sit,1203.93,2024-03-15 23:10:30
519,Soluta,nesciunt,1367.66,2024-10-05 17:55:10
520,Sunt,aperiam,479.81,2024-01-19 23:19:10
521,Iure,ipsam,1842.92,2025-06-07 13:46:25
522,Voluptatibus,quam,1283.6,2025-01-14 05:25:28
523,Qui,inventore,919.26,2025-10-08 02:49:25
524,Aperiam,explicabo,1316.56,2022-11-27 21:43:14
525,Ex,dolor,93.22,2025-06-03 09:31:49
526,Voluptatem,sapiente,1570.7,2025-06-13 21:06:34
527,Fugiat,maiores,219.85,2025-03-20 18:17:58
528,Est,aliquid,1588.25,2025-09-24 09:06:48
529,Rerum,rerum,1917.97,2025-08-04 10:27:22
530,Cumque,porro,1162.97,2024-03-13 09:08:00
531,Fugiat,assumenda,1595.06,2024-02-03 07:13:00
532,Quidem,non,60.58,2025-09-01 05:34:05
533,Quibusdam,blanditiis,481.82,2023-10-03 15:46:43
534,Eius,laboriosam,1039.29,2024-02-26 17:28:18
535,Quae,enim,1244.53,2023-02-14 13:23:18
536,Dolore,harum,1807.19,2025-06-22 17:08:33
537,Facilis,molestiae,1023.41,2025-09-18 05:20:36
538,Quod,a,483.45,2024-09-07 07:30:50
539,Iusto,praesentium,1111.56,2023-12-14 07:13:58
540,Beatae,qui,1704.93,2025-07-15 03:34:22
541,Culpa,modi,515.8,2023-09-10 03:30:10
542,Vero,eum,1998.21,2024-01-20 08:14:47
543,Debitis,nihil,670.3,2024-04-08 18:24:11
544,Earum,eveniet,306.5,2025-01-29 14:50:17
545,Error,dicta,976.17,2024-06-29 23:17:22
546,Sint,unde,1900.86,2024-02-01 09:22:51
547,Sequi,dolore,989.29,2023-06-04 10:11:34
548,Labore,illum,1853.85,2025-08-16 12:55:55
549,Voluptatibus,ad,120.46,2025-11-08 22:34:15
550,Quos,cupiditate,104.44,2024-11-03 19:36:00
551,Sapiente,magni,25.57,2023-02-12 01:18:18
552,Numquam,repudiandae,767.18,2023-04-04 18:38:44
553,Placeat,ipsum,952.92,2025-06-24 01:05:29
554,Eum,eos,1363.6,2023-04-19 14:22:22
555,Facilis,placeat,1973.67,2024-12-20 21:49:54
556,Quaerat,quae,538.37,2023-07-16 01:52:23
557,Culpa,est,1206.39,2025-09-12 06:57:12
558,At,natus,737.57,2023-12-04 07:28:44
559,Nemo,temporibus,839.46,2023-08-05 04:53:02
560,Excepturi,assumenda,1357.56,2025-05-14 07:19:41
561,Voluptatem,veniam,1297.64,2024-10-13 05:34:56
562,Quas,distinctio,575.48,2024-03-15 01:18:34
563,Qui,deserunt,1277.63,2024-09-13 13:05:38
564,Itaque,repudiandae,1657.84,2025-06-20 17:21:49
565,Nam,libero,618.09,2024-09-11 10:48:26
566,Ea,nesciunt,1707.94,2025-09-08 10:27:22
567,Assumenda,ipsum,1139.87,2023-09-26 17:03:56
568,Harum,tempore,1638.56,2025-08-19 10:46:09
569,Repellendus,ut,1493.07,2024-04-24 13:59:00
570,Ad,quod,983.65,2024-08-29 07:31:19
571,Incidunt,id,694.22,2023-04-14 20:21:44
572,Consequuntur,molestiae,376.27,2023-08-13 22:14:09
573,Aspernatur,voluptatem,1073.76,2023-12-19 05:42:39
574,Reiciendis,tenetur,1547.49,2022-11-29 10:53:01
575,Corporis,iste,324.73,2024-01-27 17:39:31
576,Libero,labore,522.55,2024-12-24 08:53:12
577,Amet,quo,854.77,2025-02-25 05:34:38
578,Consectetur,temporibus,52.28,2023-06-06 08:50:47
579,Dolorum,quisquam,1661.51,2025-03-30 20:01:36
580,Laborum,iste,1177.86,2023-03-31 23:58:41
581,Incidunt,suscipit,395.56,2023-07-11 00:13:32
582,Aliquid,aperiam,27.84,2023-12-03 09:15:39
583,Dignissimos,commodi,869.48,2024-11-11 09:04:28
584,Porro,suscipit,21.9,2024-09-26 11:59:03
585,Architecto,explicabo,437.9,2025-06-24 01:00:22
586,A,maiores,496.78,2023-10-22 11:55:31
587,Laboriosam,laborum,742.39,2025-05-11 06:41:25
588,Adipisci,earum,84.81,2023-07-21 15:28:02
589,Inventore,praesentium,1926.74,2022-12-10 00:48:31
590,Nihil,inventore,623.64,2025-10-30 06:04:30
591,Mollitia,amet,294.81,2025-07-25 23:54:09
592,Asperiores,asperiores,1123.04,2023-02-17 18:04:54
593,Quaerat,odit,1167.34,2023-08-28 21:05:08
594,Fuga,magnam,1207.23,2023-10-24 20:05:40
595,Accusamus,voluptates,282.71,2024-03-20 19:27:18
596,Quaerat,doloremque,1978.92,2023-03-19 13:49:19
597,Ipsa,iusto,589.9,2024-02-28 10:07:35
598,Voluptas,cum,1728.02,2025-03-23 16:10:28
599,Ad,quas,322.33,2023-04-21 19:04:56
600,Velit,eaque,777.23,2024-11-21 09:33:38
601,Voluptatibus,consectetur,1232.55,2024-11-03 04:53:04
602,Dignissimos,excepturi,1013.42,2025-06-07 02:53:17
603,Atque,magni,284.9,2025-01-18 07:29:35
604,Totam,fuga,1492.93,2024-02-22 06:55:58
605,Occaecati,asperiores,437.06,2023-04-14 01:59:16
606,Odit,fuga,1070.79,2025-08-17 00:58:40
607,Aspernatur,sequi,1140.29,2025-08-02 18:37:25
608,Sunt,ab,1685.06,2025-02-21 05:07:57
609,Animi,dicta,1445.15,2025-04-08 20:16:34
610,Quaerat,eaque,1659.67,2025-03-27 16:10:54
611,In,perferendis,815.29,2023-01-29 22:59:47
612,Voluptatum,iste,1549.96,2025-09-30 00:02:13
613,Nihil,tenetur,970.82,2023-10-25 17:29:28
614,Unde,quo,92.32,2025-10-18 08:45:33
615,Sit,odit,1480.05,2025-10-07 10:08:23
616,Ea,beatae,223.6,2023-02-22 22:22:13
617,Pariatur,quod,36.5,2023-12-28 17:53:49
618,Non,aperiam,1702.57,2023-02-28 07:30:06
619,Repellat,quae,580.08,2023-09-05 00:30:50
620,Culpa,expedita,551.74,2024-01-11 19:46:18
621,Optio,nulla,887.87,2024-12-21 17:55:29
622,Laborum,possimus,1537.25,2024-01-02 06:27:35
623,Eaque,hic,1851.57,2024-04-16 22:05:26
624,Voluptatibus,dolorem,835.93,2025-05-15 12:02:20
625,Dolorum,quidem,1407.45,2025-04-11 09:30:31
626,Placeat,voluptatibus,105.42,2025-01-08 19:44:22
627,Inventore,quasi,260.62,2024-02-12 11:21:57
628,Odio,ex,1830.27,2023-02-17 21:24:17
629,Iusto,repellat,249.15,2023-12-07 15:20:48
630,Veniam,ut,1467.68,2025-01-19 15:40:06
631,Corporis,eos,235.83,2023-05-04 09:17:42
632,Sapiente,dignissimos,869.71,2023-02-10 10:36:21
633,Reprehenderit,hic,54.73,2023-08-29 16:34:17
634,Omnis,iusto,533.31,2024-04-03 03:48:31
635,Fuga,adipisci,1145.55,2025-01-29 01:11:09
636,Nemo,odio,1147.85,2025-09-01 14:28:37
637,Qui,maxime,789.21,2025-04-02 23:18:47
638,Laudantium,eveniet,807.76,2023-10-01 18:11:50
639,Neque,esse,295.79,2024-02-13 01:15:52
640,Vero,blanditiis,671.21,2024-06-15 12:51:18
641,Laborum,expedita,144.8,2025-09-30 12:25:19
642,Ipsa,placeat,1973.26,2023-10-01 16:37:46
643,Quidem,quaerat,127.18,2023-12-23 10:41:34
644,Enim,dolore,1454.59,2025-06-03 11:29:03
645,Saepe,iste,978.25,2022-12-23 06:52:19
646,Deserunt,autem,1691.56,2023-02-22 06:09:32
647,Fugiat,molestias,220.38,2024-12-05 05:05:05
648,Dolores,nulla,64.17,2024-12-29 20:04:34
649,Fugiat,asperiores,1280.57,2024-07-03 21:05:03
650,Sunt,temporibus,15.2,2025-04-10 13:13:45
651,Vel,culpa,316.3,2024-08-31 02:07:16
652,Optio,ut,970.26,2025-02-03 07:55:48
653,Corporis,totam,1604.6,2024-11-26 17:04:23
654,Ad,eum,1588.49,2024-01-04 17:36:02
655,Voluptatem,dolore,1475.28,2025-04-21 13:01:34
656,Blanditiis,quae,1050.63,2025-03-31 19:56:03
657,Quaerat,exercitationem,785.12,2025-06-03 13:49:34
658,Quisquam,corrupti,965.06,2025-10-22 23:37:41
659,Saepe,ipsum,1990.13,2023-04-26 17:54:07
660,Sunt,dicta,195.03,2023-09-23 16:06:13
661,Doloribus,impedit,484.03,2023-01-14 01:28:47
662,Iusto,harum,1379.33,2023-04-15 21:08:47
663,Occaecati,molestias,1723.99,2025-09-14 16:03:37
664,Repellendus,veniam,1520.74,2023-02-06 15:18:46
665,Voluptatum,error,702.35,2025-03-27 20:34:34
666,Voluptatem,asperiores,1852.21,2025-09-28 17:14:25
667,Minima,aut,1675.3,2023-03-08 05:19:09
668,Provident,unde,1305.47,2024-09-03 11:57:53
669,Omnis,est,774.4,2023-06-11 13:16:29
670,At,nam,1582.6,2024-09-30 18:36:21
671,Vitae,asperiores,453.03,2024-08-28 07:36:05
672,Minus,rerum,1293.01,2025-09-28 23:56:29
673,Eum,dolor,676.26,2024-04-03 04:37:32
674,Ullam,esse,1980.19,2023-08-13 05:01:41
675,Esse,eligendi,656.43,2025-02-23 07:25:16
676,Suscipit,rem,1152.73,2023-01-02 22:27:33
677,Nemo,ut,1631.04,2024-01-01 14:11:22
678,Inventore,illo,942.03,2024-01-08 09:44:33
679,Voluptas,saepe,259.71,2023-05-28 22:46:21
680,Voluptatibus,iusto,226.03,2023-06-13 00:25:35
681,Quia,ratione,1483.07,2023-08-30 07:12:56
682,Fugiat,voluptates,329.26,2023-08-26 12:55:16
683,Pariatur,culpa,582.28,2023-05-17 20:15:04
684,Quidem,iusto,1325.81,2025-10-14 14:52:17
685,Minus,voluptatem,457.61,2024-06-27 04:42:52
686,Nostrum,praesentium,771.27,2025-09-17 04:28:25
687,Fuga,iure,43.31,2023-08-03 07:59:23
688,Magni,reiciendis,677.72,2025-07-30 11:38:32
689,Aspernatur,vel,1543.02,2024-12-07 18:12:35
690,Magni,tempore,1760.01,2023-05-26 22:49:04
691,Nostrum,alias,1380.73,2023-02-05 17:37:41
692,Voluptatum,nulla,144.26,2023-01-16 16:38:49
693,Neque,atque,1452.59,2023-08-05 01:15:16
694,Quae,enim,989.59,2023-05-27 13:37:37
695,Totam,quos,1139.38,2023-11-22 15:29:38
696,Accusamus,facilis,1639.48,2025-09-27 12:26:34
697,Laborum,adipisci,1673.29,2024-04-02 15:41:21
698,Nesciunt,architecto,1724.01,2024-07-26 07:40:15
699,Perferendis,provident,708.75,2023-03-10 09:55:00
700,Fugit,iure,1401.82,2024-03-21 22:11:12
701,Earum,possimus,1268.73,2025-06-19 12:47:04
702,At,velit,1677.91,2025-10-07 11:10:57
703,Veritatis,necessitatibus,1979.9,2025-05-30 18:22:11
704,Dolores,aspernatur,867.67,2023-11-28 20:41:03
705,Impedit,blanditiis,107.76,2025-06-11 12:18:59
706,Quaerat,beatae,1010.23,2024-01-06 15:12:10
707,Exercitationem,ratione,1924.02,2024-10-18 14:33:19
708,Accusamus,incidunt,1998.6,2023-03-29 05:06:16
709,Amet,culpa,1022.89,2025-05-08 01:25:06
710,Quos,assumenda,561.83,2023-12-04 16:52:59
711,Dicta,est,1694.85,2025-05-23 15:17:30
712,Aperiam,sint,1237.35,2023-09-26 06:15:19
713,Blanditiis,officiis,1706.5,2022-12-05 10:19:33
714,Omnis,cumque,1431.64,2024-01-31 03:06:48
715,Facere,autem,896.36,2024-11-10 16:33:00
716,Natus,sint,1377.5,2025-04-07 04:27:49
717,Repudiandae,earum,1386.85,2025-08-12 20:37:01
718,Suscipit,nobis,93.34,2022-11-30 17:12:54
719,Soluta,corporis,1774.34,2023-05-18 04:14:52
720,Itaque,dolorum,1585.95,2024-11-18 22:57:23
721,Quasi,incidunt,130.22,2025-11-18 11:25:33
722,Amet,magnam,1747.25,2024-07-27 13:01:29
723,Pariatur,accusantium,744.66,2025-05-14 17:26:13
724,Vel,voluptatem,1495.12,2025-06-11 16:14:56
725,Iure,hic,578.88,2023-10-27 19:31:38
726,Reprehenderit,nam,1716.2,2025-06-28 22:06:31
727,Quibusdam,quia,512.43,2025-09-15 17:39:19
728,Occaecati,maiores,484.62,2023-04-29 01:40:06
729,Animi,quaerat,1919.69,2025-03-10 02:28:19
730,Consectetur,ipsa,335.91,2025-09-22 22:59:16
731,Aperiam,pariatur,1788.98,2023-08-02 12:17:38
732,Nulla,quam,855.76,2023-08-13 20:00:36
733,Dolores,quia,665.32,2023-06-11 19:47:50
734,Architecto,consectetur,1789.25,2024-12-23 20:51:45
735,Minus,ipsa,582.86,2023-02-14 12:23:45
736,Voluptatem,asperiores,399.68,2023-08-06 23:16:27
737,Iste,repellendus,1157.15,2025-09-19 03:07:34
738,Voluptatibus,explicabo,405.04,2025-10-05 12:36:43
739,Unde,doloremque,1550.48,2023-04-26 10:56:24
740,Maiores,aliquam,1454.97,2023-12-18 18:15:33
741,Eum,ea,580.95,2023-02-03 10:59:08
742,Ut,quos,252.68,2024-10-20 17:25:20
743,Quos,sit,739.64,2024-09-25 19:41:57
744,Inventore,doloribus,280.26,2024-09-25 22:58:33
745,Nobis,reprehenderit,722.27,2022-12-22 23:11:21
746,Blanditiis,architecto,1358.49,2023-07-04 17:34:09
747,Voluptatem,sunt,1748.81,2023-04-04 08:02:35
748,Corporis,eius,668.71,2023-08-08 02:32:56
749,Accusamus,quas,952.7,2025-10-11 14:59:43
750,Reprehenderit,commodi,794.96,2025-02-17 05:27:02
751,Possimus,quasi,1135.0,2024-01-21 16:18:57
752,Fugiat,fugit,173.47,2024-01-07 09:44:05
753,Corporis,quidem,1432.78,2023-05-15 18:04:22
754,Incidunt,cum,644.43,2022-12-23 01:17:55
755,Natus,distinctio,273.75,2025-10-04 23:35:13
756,Sed,dignissimos,1469.38,2022-12-25 10:27:04
757,Minus,dolore,1283.63,2025-02-01 03:05:17
758,Perferendis,illo,1606.86,2024-08-21 17:20:19
759,Corporis,eaque,1994.83,2023-06-04 05:52:43
760,Placeat,delectus,880.9,2023-05-02 06:44:26
761,Ea,saepe,475.53,2023-07-02 04:12:04
762,Molestiae,occaecati,866.83,2023-05-09 08:52:59
763,Sed,quidem,1566.97,2025-03-05 00:00:47
764,Neque,voluptatibus,1078.64,2025-10-10 05:26:28
765,Harum,eaque,376.81,2025-04-28 22:32:36
766,Atque,quam,112.35,2024-06-30 12:54:11
767,Ea,eligendi,978.0,2022-12-30 06:15:33
768,Impedit,odio,543.83,2023-08-29 11:12:43
769,Maiores,tempora,77.61,2023-03-10 11:48:26
770,At,tenetur,1443.82,2023-03-08 20:50:29
771,Provident,porro,1612.27,2024-12-13 14:29:32
772,Itaque,inventore,278.65,2024-04-03 19:21:49
773,Facere,esse,1813.9,2023-08-07 22:26:58
774,Suscipit,inventore,515.49,2023-11-09 08:17:10
775,Ut,odit,989.26,2023-06-24 04:37:31
776,Eligendi,ab,1971.86,2024-03-31 14:32:08
777,Exercitationem,dolor,388.85,2024-11-07 09:26:08
778,Reiciendis,perspiciatis,1265.04,2023-02-14 03:34:03
779,Eligendi,voluptatibus,306.36,2023-12-23 06:15:47
780,Pariatur,maxime,1068.12,2025-05-22 19:05:24
781,Ipsa,facere,1080.01,2025-02-20 18:31:48
782,Unde,explicabo,1843.81,2023-12-21 16:50:11
783,Totam,totam,593.94,2024-11-22 12:27:09
784,Magni,cumque,256.7,2025-08-31 09:27:32
785,Mollitia,labore,738.79,2023-04-30 04:12:18
786,Magnam,eveniet,451.39,2024-05-01 17:33:54
787,Temporibus,quas,1268.65,2022-12-29 02:28:53
788,Iste,blanditiis,312.46,2022-12-02 00:35:44
789,Vel,fuga,1448.27,2025-02-05 03:56:39
790,Eaque,voluptatibus,633.46,2025-09-16 09:23:12
791,Atque,corrupti,907.91,2023-12-02 10:51:10
792,Minima,architecto,658.36,2024-11-25 20:31:58
793,Dolor,rerum,618.84,2023-05-10 21:23:27
794,Architecto,blanditiis,577.2,2022-12-28 09:44:12
795,Ipsum,perspiciatis,1358.09,2024-03-20 12:25:53
796,Cumque,ab,1913.22,2024-10-06 22:03:22
797,Blanditiis,tenetur,462.94,2023-02-15 19:14:19
798,Hic,maiores,1058.33,2022-12-18 00:10:01
799,Eveniet,ab,1080.71,2025-03-13 12:29:32
800,Dolorum,culpa,656.61,2025-09-14 15:07:32
801,Ipsum,rerum,769.02,2025-04-11 20:30:50
802,Sint,porro,1937.25,2025-05-17 03:43:19
803,Omnis,sed,821.45,2024-09-13 00:36:29
804,Voluptatum,dolores,349.91,2024-01-28 09:33:53
805,Quidem,eligendi,312.52,2024-01-04 02:56:45
806,Voluptatum,non,1139.69,2024-01-20 11:51:30
807,Nostrum,praesentium,1465.34,2023-03-18 09:02:31
808,Quod,qui,194.65,2023-04-24 17:00:54
809,Inventore,nemo,591.68,2025-08-24 20:08:00
810,Sint,eligendi,899.41,2023-04-08 19:06:29
811,Voluptate,voluptates,1276.12,2023-06-10 02:38:39
812,Optio,quis,971.08,2023-10-01 06:37:12
813,Provident,eius,1905.59,2023-06-28 04:58:45
814,Magnam,cupiditate,1156.45,2024-10-08 01:19:06
815,Architecto,sunt,1977.2,2025-02-07 10:44:26
816,Blanditiis,recusandae,1589.51,2025-11-18 16:37:12
817,Illum,possimus,135.57,2025-10-04 01:03:33
818,Iusto,quam,447.3,2024-04-05 14:31:22
819,Quis,quibusdam,1352.38,2024-10-11 10:00:36
820,Perferendis,veritatis,1646.2,2024-10-02 21:21:35
821,Atque,nostrum,1537.38,2024-05-27 12:59:13
822,Cum,possimus,1597.54,2024-08-19 20:04:51
823,Est,enim,627.87,2022-12-12 18:06:10
824,Quas,quidem,80.68,2023-09-07 03:19:10
825,Laborum,ipsum,1935.34,2025-09-18 06:19:43
826,Voluptatibus,voluptates,1676.02,2025-06-18 06:22:08
827,Cum,rerum,1644.98,2023-08-21 22:26:55
828,Beatae,iure,189.27,2024-07-05 07:19:52
829,Minima,officiis,1347.66,2023-05-16 23:12:02
830,Non,sunt,1779.99,2025-02-28 15:58:32
831,Perspiciatis,consequatur,1261.5,2022-11-23 09:55:12
832,Aut,incidunt,1516.22,2023-02-22 19:16:29
833,At,ad,918.6,2023-12-02 10:30:15
834,Similique,recusandae,1803.88,2022-12-21 07:49:50
835,Perspiciatis,excepturi,1327.48,2025-02-20 13:32:00
836,Nobis,enim,441.36,2025-01-10 11:02:17
837,Nisi,optio,25.75,2024-12-13 01:59:10
838,Maiores,vero,1002.69,2023-02-01 01:46:54
839,Consequatur,sapiente,1560.06,2023-10-05 12:38:11
840,Quo,ipsum,1859.06,2024-08-23 20:12:02
841,Labore,nisi,200.26,2023-07-03 00:54:41
842,Itaque,dicta,781.15,2025-01-28 04:06:15
843,Unde,rerum,1081.31,2024-01-18 04:51:00
844,Quas,doloribus,481.12,2025-02-03 02:08:37
845,Maiores,deserunt,272.87,2024-03-19 21:44:22
846,Earum,tempora,1894.64,2024-04-21 03:47:00
847,Saepe,recusandae,534.66,2025-11-04 04:15:44
848,Tenetur,ullam,1921.72,2024-09-13 20:46:05
849,Occaecati,vero,831.76,2023-01-07 07:41:16
850,Suscipit,quae,1677.22,2025-04-08 10:05:13
851,Saepe,tempore,1491.64,2025-02-27 11:49:06
852,Beatae,beatae,950.95,2024-12-19 11:41:48
853,Praesentium,magni,1775.7,2025-10-01 13:27:04
854,Eveniet,laudantium,1944.11,2025-06-08 14:52:58
855,Facilis,maiores,1445.01,2025-06-26 19:17:04
856,Assumenda,quaerat,1035.09,2022-12-01 20:31:30
857,Iste,aliquid,1491.69,2024-01-20 17:55:57
858,Nesciunt,nihil,906.9,2024-01-17 07:21:52
859,Quae,id,468.05,2025-09-08 05:24:48
860,Illum,perferendis,283.05,2024-08-16 16:52:32
861,Ipsam,facilis,335.71,2023-01-29 07:11:10
862,Sunt,architecto,570.9,2024-04-26 07:02:30
863,Mollitia,ea,1507.96,2024-06-21 09:24:07
864,Assumenda,error,76.79,2023-01-11 13:17:23
865,Recusandae,unde,157.65,2025-03-02 13:48:54
866,Porro,corrupti,1207.94,2024-12-31 10:57:51
867,Eos,consequuntur,958.79,2024-07-21 10:44:44
868,Praesentium,sint,1830.78,2024-10-18 14:26:50
869,Minima,accusantium,87.47,2024-05-13 00:01:57
870,Voluptatem,soluta,135.16,2024-12-29 00:10:17
871,Adipisci,corporis,1463.07,2023-07-29 11:39:39
872,Soluta,incidunt,310.49,2023-05-22 23:30:04
873,Placeat,nobis,1956.04,2024-07-19 03:08:53
874,Delectus,quia,203.76,2025-08-21 16:36:57
875,Explicabo,magnam,1696.95,2024-03-25 23:41:41
876,Provident,sunt,264.65,2025-09-28 16:50:08
877,Saepe,iusto,1405.45,2025-07-04 11:26:43
878,Amet,qui,27.65,2025-11-17 09:56:08
879,Dolorum,nesciunt,922.58,2023-08-17 02:56:19
880,Magni,quisquam,777.12,2024-03-27 04:43:20
881,Harum,dolorem,1824.72,2025-04-11 22:09:43
882,Nostrum,occaecati,708.55,2025-06-09 13:01:05
883,Culpa,quasi,1172.32,2023-07-14 06:47:06
884,At,voluptatum,1320.72,2025-09-13 02:22:34
885,Fugit,atque,1367.89,2025-08-09 04:22:43
886,Magni,aliquid,1404.57,2024-01-13 00:02:56
887,Non,repellat,1444.59,2024-07-01 20:32:12
888,Laudantium,est,452.71,2023-06-10 19:59:25
889,Similique,soluta,205.39,2025-02-01 18:25:11
890,Dignissimos,pariatur,966.61,2025-07-21 10:03:05
891,Voluptate,quibusdam,510.71,2025-03-17 18:13:41
892,Hic,tempore,663.98,2025-05-11 20:07:01
893,Eligendi,exercitationem,1579.27,2025-07-17 05:22:19
894,Voluptates,ea,791.94,2024-06-16 10:28:16
895,Ipsum,dolorum,842.47,2023-03-06 05:44:44
896,Amet,ad,323.84,2024-02-09 04:16:36
897,Porro,quidem,1294.64,2025-06-18 19:18:42
898,Nam,sint,486.27,2024-11-19 22:42:15
899,Distinctio,sint,44.76,2023-12-27 02:33:25
900,Officiis,voluptate,758.21,2025-03-21 19:32:38
901,Debitis,pariatur,854.4,2023-08-06 13:53:32
902,Aperiam,fuga,1939.82,2023-04-12 06:26:00
903,Assumenda,ullam,1562.34,2022-12-18 23:20:42
904,Eveniet,inventore,1956.0,2025-03-06 15:23:27
905,Minima,quaerat,1774.08,2023-05-21 15:44:44
906,Sit,ad,1998.98,2023-01-21 15:57:22
907,Quam,officia,1162.99,2025-07-19 13:12:57
908,Cupiditate,molestiae,729.43,2025-03-25 23:28:13
909,Officia,ipsa,1815.12,2023-05-15 13:42:25
910,Minima,eaque,618.0,2023-08-24 16:16:56
911,Atque,quos,752.34,2025-01-21 11:52:48
912,Dolorum,blanditiis,1189.61,2024-06-23 19:22:02
913,Exercitationem,nesciunt,1891.54,2023-10-30 23:55:42
914,Id,voluptatum,1923.39,2024-10-07 07:30:01
915,Quia,quasi,1418.49,2023-11-01 18:22:52
916,Pariatur,totam,1494.67,2025-01-26 03:22:06
917,Velit,sequi,709.13,2025-05-14 07:44:21
918,Recusandae,quam,502.37,2023-05-29 07:55:08
919,Odio,repellat,1571.22,2023-10-29 13:11:39
920,Molestiae,cumque,917.24,2023-03-28 12:43:08
921,Corporis,blanditiis,320.38,2025-01-08 21:05:42
922,Eligendi,pariatur,598.66,2025-07-19 21:43:01
923,Nemo,maxime,341.85,2024-12-19 09:15:03
924,Dolorum,eligendi,305.15,2024-08-04 21:45:56
925,Esse,mollitia,776.71,2024-09-11 09:02:18
926,Expedita,sit,787.99,2025-10-03 10:08:26
927,Doloribus,delectus,533.32,2024-10-05 03:11:30
928,Consequuntur,error,1526.06,2025-09-03 10:15:38
929,Ducimus,magnam,731.15,2023-10-01 19:20:01
930,Corporis,eum,1760.99,2025-08-22 10:11:37
931,Explicabo,ipsum,903.16,2024-09-22 01:34:35
932,Blanditiis,consectetur,704.59,2024-07-18 01:31:45
933,Quibusdam,similique,1671.15,2025-06-12 17:10:16
934,Assumenda,explicabo,827.01,2024-10-01 15:26:51
935,Nisi,vel,383.33,2025-10-09 19:42:37
936,Ut,sunt,116.22,2025-01-31 06:56:21
937,Impedit,maxime,1767.48,2025-05-10 10:05:11
938,Aliquam,debitis,1318.15,2023-04-04 12:02:49
939,Nulla,tempora,1911.63,2025-08-13 01:04:35
940,Illum,nihil,620.07,2023-03-22 00:00:22
941,Tempore,asperiores,1821.05,2025-04-23 18:30:04
942,Officia,maxime,782.11,2025-05-30 07:28:04
943,Veritatis,veritatis,1836.74,2025-10-21 22:44:29
944,Vel,facere,1919.94,2025-01-31 08:55:06
945,Culpa,suscipit,1843.44,2025-02-20 12:05:35
946,Dicta,ex,82.72,2023-07-10 09:03:44
947,Nihil,eius,42.3,2024-11-05 18:14:00
948,Fugiat,eius,655.42,2024-03-14 21:41:00
949,Sequi,quia,1691.21,2023-10-08 06:36:02
950,Sapiente,praesentium,1430.83,2023-08-05 09:43:17
951,Labore,modi,1039.06,2024-09-19 22:20:56
952,Necessitatibus,magni,1784.37,2025-01-15 19:26:56
953,Minus,repudiandae,1996.51,2025-04-03 12:35:31
954,Ipsa,exercitationem,716.52,2023-04-16 04:10:22
955,Ab,provident,763.38,2024-05-27 04:24:39
956,Amet,tempora,1057.77,2024-12-15 03:35:18
957,Dolor,quaerat,1426.56,2024-01-16 13:18:10
958,Suscipit,facere,435.2,2023-03-07 22:27:10
959,Modi,quasi,375.44,2022-12-24 23:58:08
960,Totam,eaque,340.75,2025-02-03 15:50:16
961,Perferendis,alias,931.79,2024-12-12 10:30:29
962,Unde,amet,1304.05,2023-09-05 09:38:31
963,Repudiandae,expedita,842.3,2024-02-01 06:58:14
964,Deserunt,est,328.29,2023-02-11 03:45:35
965,Non,quaerat,802.59,2025-08-26 14:09:51
966,Dolorem,repellat,187.34,2024-02-11 21:44:37
967,Nam,omnis,1011.72,2025-03-17 20:05:59
968,Deleniti,iusto,1887.24,2023-07-06 17:32:56
969,Occaecati,nobis,1185.85,2025-03-28 20:50:13
970,Officia,eum,209.08,2023-01-28 12:58:26
971,Voluptas,autem,1094.1,2023-06-23 04:49:22
972,Magnam,earum,34.82,2025-07-12 20:40:34
973,Libero,perferendis,600.52,2023-01-22 05:54:34
974,Officia,natus,1194.84,2025-09-23 19:49:11
975,Maiores,deleniti,511.52,2024-02-10 06:45:13
976,Eos,similique,690.98,2024-06-25 13:43:45
977,Suscipit,tempora,1741.95,2022-12-01 17:51:29
978,Hic,laboriosam,231.83,2024-10-31 16:01:59
979,Numquam,vel,1937.01,2024-05-11 18:05:26
980,Odit,pariatur,1019.44,2024-12-20 18:39:29
981,Eveniet,suscipit,900.31,2023-10-17 07:17:04
982,Ab,provident,711.95,2025-06-26 23:24:56
983,Maxime,error,584.23,2023-08-17 03:10:49
984,Totam,itaque,1488.45,2024-10-16 18:42:54
985,Consequatur,sit,1475.78,2023-03-19 18:33:56
986,Magni,unde,354.61,2025-01-15 17:54:11
987,Maxime,recusandae,1666.75,2025-09-02 08:57:30
988,Ea,voluptate,1090.67,2025-11-18 23:24:21
989,Architecto,ea,1797.93,2024-04-08 08:43:22
990,Voluptatem,maiores,1405.35,2025-01-09 07:45:03
991,Illum,id,1794.62,2023-09-25 20:21:33
992,Illo,nihil,1141.82,2023-07-24 17:24:42
993,Corporis,esse,1695.12,2024-05-03 08:44:25
994,Veritatis,aperiam,1725.7,2023-10-30 11:28:33
995,Aliquid,dolorem,1986.26,2023-09-28 01:35:42
996,Animi,explicabo,1712.25,2024-11-04 08:52:20
997,Voluptates,alias,1419.26,2024-02-15 07:30:06
998,Necessitatibus,id,1292.22,2025-03-01 02:51:25
999,Possimus,nostrum,1724.42,2023-07-19 00:41:00
1000,Odio,nostrum,451.73,2023-04-16 11:03:32
1001,Consectetur,ex,1982.19,2025-05-14 06:12:13
1002,Nihil,reiciendis,220.71,2023-02-19 13:42:30
1003,Ex,tempora,21.08,2025-01-27 15:39:48
1004,Ullam,quisquam,455.68,2024-01-15 02:17:33
1005,Fugit,dignissimos,1176.83,2024-12-20 07:18:22
1006,Deleniti,similique,1928.59,2024-04-22 09:33:43
1007,Quam,alias,1337.69,2022-11-28 13:14:01
1008,Odit,nostrum,579.04,2025-06-11 16:03:11
1009,Odio,laborum,1538.36,2023-05-05 04:33:31
1010,Similique,tempora,1140.83,2024-03-09 20:15:21
1011,Repellendus,sit,1321.66,2024-02-11 00:06:33
1012,Inventore,itaque,313.77,2024-04-25 08:01:52
1013,Fugiat,quisquam,1717.91,2024-09-18 14:48:47
1014,Nisi,nostrum,384.6,2024-05-24 00:58:50
1015,Error,quam,1054.62,2023-10-12 00:15:58
1016,Modi,deleniti,26.25,2023-08-03 23:47:17
1017,Dignissimos,aspernatur,1778.86,2025-08-10 21:23:04
1018,Explicabo,explicabo,1576.01,2022-12-26 02:19:52
1019,Praesentium,facere,474.76,2024-03-18 06:25:51
1020,Similique,magni,470.04,2024-05-23 03:58:37
1021,Nemo,deserunt,242.06,2025-07-04 18:53:48
1022,Ratione,sunt,1403.1,2024-11-01 05:17:48
1023,Dignissimos,reiciendis,1838.26,2023-10-22 16:49:11
1024,Ea,nulla,1579.79,2022-12-27 01:29:12
1025,Blanditiis,odit,860.92,2024-11-27 05:57:01
1026,Officia,at,262.33,2023-10-13 07:37:06
1027,Molestias,aperiam,1256.99,2023-12-07 02:18:01
1028,Id,sapiente,1087.03,2022-12-29 08:21:19
1029,Officiis,saepe,935.57,2024-08-12 22:21:11
1030,Laboriosam,dolorem,1876.02,2024-11-12 03:48:09
1031,Iusto,rerum,505.35,2024-03-14 10:27:13
1032,Fugit,rerum,598.85,2023-05-17 05:08:16
1033,Officiis,laboriosam,753.61,2025-10-19 17:59:34
1034,Eveniet,officia,1835.82,2024-03-13 09:24:31
1035,Explicabo,soluta,1411.61,2023-12-21 07:16:06
1036,Similique,officia,1534.0,2024-06-13 17:57:22
1037,Quasi,perferendis,67.55,2024-12-16 19:16:44
1038,Odio,doloribus,434.99,2025-06-04 13:36:32
1039,Perferendis,et,776.56,2023-05-30 11:18:03
1040,Beatae,soluta,584.26,2025-08-05 00:58:07
1041,Omnis,magni,194.16,2025-04-26 14:12:23
1042,Atque,eos,1650.03,2024-03-13 18:00:27
1043,Soluta,in,1293.6,2023-09-03 07:55:13
1044,Ut,possimus,1743.73,2025-06-29 16:07:56
1045,Delectus,possimus,1666.28,2024-07-24 05:54:28
1046,Quaerat,ipsum,46.16,2023-01-21 08:04:29
1047,Sunt,assumenda,262.12,2023-03-13 21:05:53
1048,Officia,dolorum,101.52,2024-09-01 23:57:19
1049,Accusantium,numquam,430.33,2023-08-06 10:53:28
1050,Maxime,modi,165.09,2025-10-27 12:30:04
1051,Fugit,id,1085.86,2024-01-18 10:59:22
1052,Magnam,delectus,823.94,2023-02-09 18:31:27
1053,Dolores,adipisci,1999.68,2024-01-20 05:33:06
1054,Velit,sit,1029.2,2025-06-23 02:49:03
1055,Nemo,nobis,407.91,2025-10-11 12:19:51
1056,Qui,molestiae,1674.93,2024-10-19 16:37:30
1057,Velit,porro,355.52,2024-07-10 01:58:53
1058,Hic,nesciunt,74.63,2025-09-13 15:00:58
1059,Ipsam,blanditiis,1884.49,2023-10-23 13:57:47
1060,Aperiam,suscipit,1613.08,2024-12-27 12:34:05
1061,Animi,ipsa,1130.43,2023-05-10 11:29:21
1062,Voluptatibus,quaerat,1916.68,2023-12-21 09:14:45
1063,Facere,quia,108.12,2025-03-11 13:59:07
1064,Aut,dolorum,820.17,2024-06-12 22:09:33
1065,Eum,aliquid,896.81,2024-11-25 05:57:40
1066,Ipsum,repellat,1235.13,2024-11-18 16:41:59
1067,Deserunt,minima,1738.98,2024-12-23 18:38:43
1068,Saepe,assumenda,1530.85,2023-01-26 11:36:16
1069,Nam,ea,98.92,2024-10-19 13:13:34
1070,Sunt,asperiores,662.67,2024-09-01 07:19:08
1071,Beatae,dolorem,643.69,2024-10-18 21:07:09
1072,Earum,quo,1815.02,2023-01-28 18:14:12
1073,Delectus,fugiat,1822.22,2025-03-16 14:52:08
1074,Possimus,fuga,1267.58,2022-11-21 15:56:40
1075,Temporibus,quasi,1414.36,2022-11-29 23:52:15
1076,Asperiores,ducimus,73.91,2023-06-09 22:03:18
1077,Excepturi,numquam,293.9,2024-05-11 05:17:37
1078,Unde,quos,158.87,2024-05-18 00:41:49
1079,Itaque,aliquam,1211.39,2023-12-11 13:19:24
1080,Totam,reprehenderit,1786.38,2025-05-22 11:05:12
1081,Totam,aut,365.74,2023-07-12 12:52:18
1082,Alias,facilis,818.73,2025-07-23 16:23:22
1083,Eveniet,quos,1346.39,2025-08-03 23:51:46
1084,Amet,illum,337.15,2023-08-29 08:33:28
1085,Aliquam,esse,1067.45,2022-12-05 18:20:48
1086,Dignissimos,dolores,1478.74,2023-02-16 05:53:51
1087,Odit,libero,1557.1,2025-01-29 03:18:48
1088,Hic,laboriosam,1804.08,2025-09-25 21:58:25
1089,Est,officia,1055.29,2025-08-01 23:17:03
1090,Nihil,minus,316.76,2023-10-30 03:42:42
1091,Eaque,odit,861.79,2024-03-13 21:30:55
1092,Dolorem,consequuntur,302.58,2024-11-26 14:02:36
1093,Facere,harum,1603.56,2023-06-29 04:27:29
1094,Placeat,consequatur,292.54,2023-03-02 19:13:38
1095,Voluptas,facilis,626.8,2025-06-15 20:58:02
1096,Fugit,cum,1430.13,2024-02-19 10:49:31
1097,Voluptates,quis,1888.03,2025-05-30 08:01:57
1098,Debitis,asperiores,1708.43,2023-07-17 15:31:46
1099,Quam,mollitia,513.98,2023-05-31 04:49:58
1100,Cupiditate,eum,1564.5,2025-10-04 08:05:10
1101,Modi,laudantium,235.62,2023-03-14 01:12:51
1102,Impedit,a,1753.58,2023-03-12 06:03:45
1103,Ipsam,unde,803.15,2023-08-15 23:05:35
1104,Mollitia,sapiente,1653.24,2025-10-29 08:32:50
1105,Fugit,nobis,152.53,2024-03-13 15:47:31
1106,Tenetur,reprehenderit,1045.47,2023-09-04 04:25:30
1107,Architecto,qui,735.59,2025-08-16 11:24:08
1108,Possimus,unde,1179.83,2025-07-11 21:35:56
1109,Quo,fugit,875.77,2023-02-04 21:59:42
1110,Eum,occaecati,1340.64,2023-09-09 16:49:41
1111,Quod,perferendis,362.39,2025-11-05 22:05:44
1112,Ducimus,quisquam,1718.38,2024-04-11 18:43:40
1113,Exercitationem,nulla,1729.05,2025-01-24 03:44:58
1114,Illo,ipsum,664.05,2024-11-27 16:19:59
1115,Voluptatibus,maiores,1297.9,2025-06-15 20:42:05
1116,Enim,porro,1589.36,2024-08-02 18:24:20
1117,Blanditiis,dolores,1189.15,2024-05-19 15:40:03
1118,Laboriosam,facere,1462.1,2023-12-17 07:33:50
1119,Qui,incidunt,1845.7,2024-09-05 20:58:22
1120,Accusantium,nam,1999.09,2024-03-30 17:46:02
1121,Dignissimos,fugiat,1365.93,2022-12-22 09:19:25
1122,Fuga,repellat,1534.75,2025-09-28 05:44:17
1123,Assumenda,iusto,1159.75,2024-02-13 03:49:38
1124,Nobis,repellat,651.96,2024-05-03 14:06:33
1125,Maxime,qui,1921.79,2023-04-17 12:33:33
1126,Asperiores,incidunt,1022.53,2024-01-12 05:56:18
1127,Eligendi,tenetur,1058.87,2025-01-24 05:23:33
1128,Ipsa,maxime,541.34,2024-06-03 20:39:30
1129,Repellendus,harum,1864.34,2023-07-03 13:15:16
1130,Porro,mollitia,1469.4,2025-02-23 05:54:29
1131,Quis,ducimus,1718.97,2025-08-28 07:23:28
1132,Eveniet,nisi,1546.26,2024-04-17 11:13:59
1133,Dicta,nulla,1548.02,2024-10-04 04:49:48
1134,Quas,laborum,1518.8,2022-12-25 04:50:54
1135,Dolore,cum,985.2,2025-06-03 04:59:38
1136,Inventore,illo,838.88,2023-10-07 18:18:05
1137,Perferendis,tempore,639.1,2023-03-28 22:24:46
1138,Perferendis,dolorum,611.82,2023-03-19 20:05:25
1139,Quod,minima,1438.74,2025-05-07 17:17:33
1140,A,voluptatibus,707.86,2024-02-15 07:17:45
1141,Dolore,iure,874.79,2023-02-23 00:14:48
1142,Laborum,dolorem,1643.62,2023-04-03 15:00:56
1143,Facere,ipsum,63.34,2024-07-09 18:17:33
1144,Amet,natus,1969.23,2023-06-29 17:31:04
1145,Saepe,impedit,650.18,2025-04-17 14:25:51
1146,Voluptatem,ullam,1889.83,2025-05-01 19:54:18
1147,Veritatis,accusantium,1940.55,2023-11-09 13:52:34
1148,Fugiat,nulla,1826.85,2023-06-04 21:30:27
1149,Reprehenderit,fugit,857.06,2024-12-29 05:57:50
1150,Corrupti,rerum,269.76,2024-10-29 20:35:07
1151,Non,officia,1292.57,2023-11-25 01:39:29
1152,Perferendis,ipsam,247.29,2025-04-06 08:13:38
1153,Saepe,molestiae,1781.25,2023-12-13 17:15:01
1154,Animi,beatae,1512.91,2024-08-24 16:35:00
1155,Rerum,quam,638.85,2024-07-31 11:32:25
1156,Vero,perspiciatis,880.75,2024-02-14 23:49:38
1157,Itaque,impedit,297.93,2024-11-09 10:00:40
1158,Maxime,inventore,1728.54,2025-08-17 03:22:30
1159,In,eveniet,659.01,2025-06-30 17:52:21
1160,Corrupti,repellat,1014.39,2023-11-09 22:57:52
1161,Saepe,eaque,209.29,2025-08-23 04:24:41
1162,Aperiam,autem,1185.84,2023-04-15 11:48:15
1163,Iste,quia,1232.68,2023-01-16 19:02:59
1164,Beatae,dolore,1187.4,2022-12-25 11:10:35
1165,Nihil,fugiat,784.64,2023-10-21 14:09:05
1166,Rem,doloremque,738.47,2024-02-12 05:29:09
1167,Totam,nam,510.32,2024-08-27 10:45:11
1168,Illo,voluptatum,1740.78,2025-05-15 01:56:48
1169,Ea,esse,465.61,2025-02-24 15:23:08
1170,Delectus,ipsa,803.47,2024-05-14 22:58:59
1171,Aliquid,tenetur,1058.75,2024-01-18 14:20:02
1172,At,delectus,1017.94,2022-12-23 00:46:03
1173,Voluptas,fuga,1598.28,2024-06-27 11:14:25
1174,Commodi,magnam,1132.63,2025-04-06 00:39:32
1175,Nesciunt,ipsa,1759.92,2023-11-11 00:38:03
1176,Pariatur,magnam,1981.36,2025-11-14 15:53:52
1177,Impedit,officiis,643.17,2025-09-30 21:19:19
1178,Ad,ut,1829.37,2025-06-24 06:16:13
1179,Perspiciatis,ipsam,690.62,2024-10-30 10:11:34
1180,Praesentium,inventore,1143.87,2023-12-14 01:24:05
1181,Nam,ratione,932.82,2022-12-09 12:31:19
1182,Maxime,consequatur,1261.43,2025-06-27 13:38:49
1183,Veritatis,cumque,1241.3,2023-03-28 07:05:34
1184,Magni,eius,271.41,2023-08-02 12:30:34
1185,Perspiciatis,ad,1979.76,2023-04-12 15:39:23
1186,Sapiente,nostrum,123.43,2025-07-25 09:02:48
1187,Labore,et,1644.14,2024-12-06 02:06:07
1188,Corporis,amet,1157.3,2025-06-06 02:00:03
1189,Ratione,commodi,1121.04,2023-01-10 23:48:32
1190,Beatae,eaque,1763.19,2025-10-08 14:04:40
1191,In,at,639.98,2024-09-14 01:29:47
1192,Nulla,aspernatur,1046.87,2022-12-27 04:28:42
1193,Iste,minima,696.72,2024-12-22 00:48:51
1194,Sit,et,834.31,2024-03-14 07:42:51
1195,Aspernatur,magnam,205.82,2025-09-06 08:33:02
1196,Distinctio,aperiam,1395.66,2023-02-17 07:54:19
1197,Ea,asperiores,1828.6,2023-10-19 07:15:17
1198,Amet,autem,735.26,2023-03-08 21:12:15
1199,A,illo,1212.15,2023-05-22 20:27:20
1200,Delectus,molestias,1845.7,2024-12-10 20:39:47
1201,Nobis,vel,1384.67,2024-09-24 00:04:46
1202,Omnis,vero,185.97,2025-03-15 06:30:16
1203,Quas,fugit,926.17,2023-03-29 01:28:24
1204,Fugiat,porro,1544.41,2024-12-24 16:19:15
1205,Nobis,veniam,496.96,2024-03-27 10:52:06
1206,Quia,sint,913.42,2024-03-03 16:45:09
1207,Exercitationem,sint,980.98,2025-06-06 03:25:20
1208,Iusto,pariatur,1371.75,2023-07-26 10:09:34
1209,In,nisi,513.47,2024-02-23 07:38:24
1210,Harum,commodi,722.78,2023-02-28 08:18:12
1211,Illum,nihil,627.97,2023-04-21 16:44:40
1212,Libero,aspernatur,1221.1,2025-06-11 21:20:18
1213,Quos,inventore,177.35,2025-05-25 02:53:24
1214,Repudiandae,dignissimos,1923.74,2023-02-17 22:28:30
1215,Facilis,dolore,998.23,2023-04-01 17:43:33
1216,Deserunt,veritatis,1707.1,2024-05-29 20:08:37
1217,Blanditiis,eaque,141.63,2023-02-14 08:39:58
1218,Assumenda,eum,1200.08,2024-01-04 10:35:55
1219,Totam,possimus,117.5,2023-01-12 05:05:39
1220,Neque,officiis,1193.84,2023-01-24 19:05:38
1221,Id,officia,670.85,2024-11-16 18:45:38
1222,Ut,beatae,357.14,2023-01-23 02:25:38
1223,Voluptates,totam,1969.34,2025-05-05 15:21:04
1224,Quae,quos,854.3,2024-05-16 00:44:02
1225,Delectus,facere,331.67,2024-04-18 02:19:14
1226,Accusantium,soluta,1572.06,2024-11-23 14:45:54
1227,Expedita,recusandae,1959.44,2025-02-28 09:51:08
1228,Suscipit,perspiciatis,195.36,2023-03-25 00:39:31
1229,Magni,non,781.69,2023-11-02 23:17:05
1230,Consequuntur,excepturi,1550.17,2025-08-14 16:28:43
1231,Culpa,tempore,1474.26,2023-11-22 17:43:55
1232,Fugiat,at,441.9,2025-08-29 20:59:12
1233,Quam,placeat,998.54,2025-11-19 07:31:24
1234,Rerum,odio,994.28,2024-11-20 04:42:29
1235,Quam,ea,1652.48,2024-01-20 16:04:57
1236,Hic,nam,145.07,2023-06-25 04:55:01
1237,Quos,suscipit,26.38,2025-03-02 03:16:45
1238,Perspiciatis,earum,376.65,2025-05-30 18:54:53
1239,Temporibus,eligendi,264.57,2024-08-24 19:42:35
1240,Blanditiis,voluptates,216.86,2025-04-17 06:46:28
1241,Quis,vitae,99.7,2024-10-05 12:08:32
1242,Reprehenderit,exercitationem,1287.97,2025-02-15 18:53:50
1243,Itaque,non,998.4,2024-01-17 09:00:10
1244,Reprehenderit,magnam,1166.05,2023-10-29 06:18:48
1245,Cumque,dignissimos,1471.91,2023-07-02 12:55:47
1246,Praesentium,eum,716.11,2025-07-11 16:26:57
1247,Voluptatem,repellat,800.19,2024-12-26 12:34:34
1248,Laborum,iste,1459.92,2025-10-02 07:24:38
1249,Dolorem,deleniti,816.08,2023-03-01 12:06:41
1250,Consequatur,iusto,783.32,2025-05-19 03:58:47
1251,Aperiam,facilis,551.09,2023-04-27 13:03:44
1252,Aliquam,labore,109.71,2024-05-14 12:32:28
1253,Sunt,nulla,947.23,2024-10-02 18:06:51
1254,Veritatis,alias,1076.58,2025-08-16 07:32:18
1255,Eligendi,est,1031.45,2024-11-06 20:09:25
1256,Facere,ut,179.58,2025-02-23 19:15:43
1257,Cum,et,1898.27,2023-11-10 16:23:57
1258,Modi,natus,351.98,2025-11-19 02:36:19
1259,Eum,explicabo,786.36,2023-11-04 18:07:54
1260,Ratione,beatae,1625.48,2025-01-09 20:41:08
1261,Modi,totam,986.34,2024-04-04 04:37:34
1262,Quaerat,tempora,1632.49,2024-05-20 01:41:14
1263,Ipsam,alias,1393.71,2023-06-15 09:08:24
1264,Excepturi,temporibus,350.01,2023-03-08 02:56:25
1265,Suscipit,dicta,1432.37,2023-11-09 16:10:28
1266,Ipsa,libero,564.79,2025-02-23 20:11:27
1267,Error,sequi,1449.98,2024-03-16 04:24:40
1268,Perspiciatis,itaque,880.56,2025-05-15 06:35:12
1269,Voluptate,tenetur,1538.35,2025-08-22 02:14:40
1270,Alias,necessitatibus,1907.72,2024-10-23 08:12:49
1271,In,ipsam,566.65,2025-04-25 03:52:57
1272,Iste,voluptates,865.67,2023-10-31 15:29:35
1273,Cupiditate,provident,649.61,2024-10-29 17:48:08
1274,Esse,amet,1598.72,2024-07-01 15:33:14
1275,Similique,facere,1766.93,2022-12-03 13:52:02
1276,Pariatur,laudantium,170.95,2025-06-14 19:51:11
1277,Dicta,ratione,199.95,2025-05-04 13:48:34
1278,Reiciendis,mollitia,674.1,2024-05-21 17:51:40
1279,Blanditiis,fugiat,617.08,2025-07-09 02:40:21
1280,Impedit,a,967.29,2024-06-05 23:47:48
1281,Sit,reprehenderit,338.93,2024-04-10 20:51:24
1282,Quibusdam,doloribus,132.34,2023-05-11 07:52:54
1283,Ipsam,corrupti,1334.97,2023-08-21 06:10:52
1284,Ipsam,laboriosam,613.73,2024-09-03 10:21:56
1285,Nemo,laboriosam,1961.26,2022-12-17 10:41:36
1286,Placeat,dolorem,835.66,2024-05-04 20:19:14
1287,Quo,harum,1687.38,2024-08-24 04:48:56
1288,Dolorem,enim,50.89,2023-08-22 03:16:05
1289,At,voluptate,809.21,2024-05-27 03:49:16
1290,Fuga,eveniet,570.32,2023-11-07 19:15:45
1291,Occaecati,ab,1594.85,2023-06-30 15:21:58
1292,Nihil,commodi,1374.09,2024-02-29 20:28:03
1293,Quisquam,sint,1520.43,2023-07-26 22:29:07
1294,Ullam,ipsum,74.75,2023-01-02 11:37:08
1295,Perferendis,nemo,1526.71,2022-12-10 09:34:34
1296,Excepturi,nobis,12.09,2023-11-21 23:32:11
1297,Aut,perspiciatis,680.54,2023-04-24 02:19:46
1298,Praesentium,possimus,868.63,2025-03-04 01:53:38
1299,Repudiandae,veniam,1051.89,2023-02-05 09:32:13
1300,Tempora,modi,723.41,2023-08-27 23:27:48
1301,Facilis,quam,394.37,2023-12-02 15:03:37
1302,Sapiente,voluptas,1855.35,2025-03-14 19:07:40
1303,Aut,necessitatibus,464.62,2023-08-31 14:31:39
1304,Commodi,quisquam,170.08,2024-07-07 03:19:09
1305,Deleniti,distinctio,691.64,2022-12-30 23:53:21
1306,Nam,ex,653.04,2025-05-09 09:00:37
1307,Quis,voluptas,436.38,2024-02-06 13:48:54
1308,Excepturi,possimus,1237.1,2024-10-08 09:51:22
1309,Dicta,magnam,1940.3,2025-05-24 02:31:10
1310,Quisquam,placeat,1515.65,2024-08-10 23:06:49
1311,Quisquam,laudantium,540.94,2025-11-12 22:36:45
1312,Itaque,laborum,831.5,2023-11-19 03:54:31
1313,Eligendi,atque,334.57,2024-05-17 21:20:22
1314,At,voluptates,1701.76,2024-07-09 03:37:40
1315,Amet,expedita,414.57,2024-06-16 04:40:17
1316,Doloribus,ad,159.73,2023-12-25 18:25:40
1317,Libero,nobis,1798.3,2025-05-09 15:32:35
1318,Aut,iure,958.1,2023-01-16 21:18:39
1319,Provident,modi,1327.43,2025-08-20 18:13:27
1320,Beatae,magnam,1078.85,2024-01-01 14:30:33
1321,Illo,adipisci,1860.4,2022-12-03 08:23:53
1322,Ipsum,eveniet,519.27,2025-03-13 07:44:35
1323,Esse,iusto,638.81,2024-02-13 12:54:33
1324,Ratione,magnam,1855.76,2025-07-14 09:22:11
1325,Quae,porro,1599.65,2024-11-15 22:16:30
1326,Totam,deserunt,1255.06,2024-03-18 19:34:13
1327,Corrupti,velit,979.74,2024-05-14 07:48:35
1328,Vitae,culpa,99.72,2024-10-15 14:23:19
1329,Neque,commodi,796.43,2025-10-01 00:09:23
1330,Modi,labore,1428.52,2024-05-26 19:14:20
1331,Ut,dicta,1950.8,2023-05-03 10:55:24
1332,Fuga,qui,781.09,2025-04-09 05:31:43
1333,Esse,voluptate,1021.36,2024-09-14 05:36:26
1334,Rem,voluptatem,332.17,2023-09-28 08:17:39
1335,Odio,recusandae,1030.04,2024-09-24 11:59:08
1336,Autem,suscipit,757.02,2024-05-20 03:13:45
1337,Ea,dolore,992.08,2023-05-28 19:24:20
1338,Maxime,alias,1064.96,2024-10-14 19:54:10
1339,Nemo,aut,1284.95,2024-11-16 03:05:04
1340,Error,commodi,74.04,2025-11-09 21:04:08
1341,Ut,veniam,966.63,2023-07-11 03:22:06
1342,Quo,vero,569.87,2024-04-25 22:31:38
1343,Soluta,provident,1186.38,2025-07-17 10:14:47
1344,Omnis,nihil,1530.6,2024-03-21 18:17:24
1345,Placeat,voluptas,648.2,2023-11-22 16:04:36
1346,Quia,eligendi,1778.28,2023-11-25 03:18:01
1347,Rem,voluptas,898.34,2024-07-17 00:32:01
1348,Soluta,illum,1402.23,2024-04-14 02:26:02
1349,Quia,voluptate,1551.25,2025-10-14 13:29:36
1350,Excepturi,ratione,434.89,2023-10-18 12:10:23
1351,Cupiditate,ipsam,652.41,2025-06-03 21:00:19
1352,Molestiae,reiciendis,1047.23,2025-05-07 01:55:57
1353,Quod,quae,1367.64,2023-09-04 23:39:54
1354,Quam,accusamus,1305.01,2024-12-02 14:28:32
1355,Vel,doloremque,1291.97,2025-05-10 02:24:01
1356,Esse,perferendis,683.3,2025-09-15 14:50:41
1357,Placeat,impedit,1413.95,2023-07-08 16:21:15
1358,Eaque,unde,668.27,2023-05-09 04:51:37
1359,Quisquam,adipisci,1668.32,2024-01-17 00:10:22
1360,Temporibus,consequatur,1439.15,2024-11-25 08:32:51
1361,Amet,cumque,1986.07,2025-02-10 10:38:05
1362,Explicabo,saepe,1686.42,2023-10-24 15:07:19
1363,Rem,vel,1226.06,2023-02-22 09:20:32
1364,Rem,officia,1624.88,2025-02-20 18:29:27
1365,Esse,amet,1171.82,2025-07-20 02:18:48
1366,Rerum,sunt,1696.54,2025-05-07 02:44:38
1367,Corrupti,excepturi,358.61,2025-11-06 11:06:42
1368,Commodi,animi,279.48,2023-03-30 09:58:29
1369,Nobis,architecto,1739.62,2022-11-28 01:07:04
1370,Illum,sit,749.67,2025-03-26 09:05:36
1371,Esse,voluptatibus,1374.66,2023-11-14 07:50:22
1372,Quis,quo,202.02,2024-04-03 13:17:39
1373,Qui,error,425.97,2023-12-13 17:33:11
1374,Perspiciatis,reiciendis,321.76,2023-01-16 18:01:28
1375,Ea,animi,1581.95,2024-06-22 10:03:34
1376,Ut,illo,881.26,2025-07-06 23:15:04
1377,Assumenda,dignissimos,1084.46,2024-06-07 23:13:56
1378,Facilis,aut,159.05,2024-05-19 08:50:30
1379,Nostrum,quam,827.82,2024-07-15 01:14:44
1380,Distinctio,in,664.98,2022-12-13 10:28:12
1381,Quam,asperiores,111.31,2023-02-08 19:48:58
1382,Rem,libero,278.86,2024-12-28 15:54:57
1383,Harum,necessitatibus,1083.81,2025-04-23 05:39:27
1384,Quisquam,perferendis,62.37,2023-06-02 13:55:24
1385,Accusantium,perferendis,1489.96,2023-06-09 13:46:19
1386,In,facere,541.48,2024-02-01 19:04:20
1387,Iusto,odio,1909.25,2024-02-04 09:57:51
1388,Nemo,aliquam,542.92,2023-02-24 20:13:13
1389,Repellendus,deleniti,284.35,2025-07-06 04:27:44
1390,Reiciendis,quasi,11.41,2024-03-02 15:06:53
1391,Quaerat,incidunt,1352.97,2023-04-26 03:00:00
1392,Est,facere,232.46,2025-05-23 21:15:03
1393,Unde,esse,602.07,2025-05-06 10:49:22
1394,Soluta,nihil,1790.65,2024-04-25 10:02:11
1395,Quo,voluptates,1625.83,2024-02-29 18:53:51
1396,Neque,cupiditate,1382.78,2024-04-30 04:35:25
1397,Assumenda,aliquam,929.73,2023-07-23 02:21:21
1398,Pariatur,maiores,1437.05,2023-01-23 09:03:33
1399,Asperiores,atque,1743.85,2025-04-19 17:01:16
1400,Nihil,nemo,920.4,2022-12-27 10:15:01
1401,Sed,esse,464.17,2025-06-08 10:14:04
1402,Accusamus,ipsum,1824.95,2024-12-20 23:27:11
1403,Iure,itaque,1697.75,2024-10-12 23:54:34
1404,Corrupti,fugit,964.32,2025-05-21 06:49:57
1405,Molestias,modi,40.31,2022-11-26 23:03:52
1406,Quibusdam,dolorum,63.49,2024-10-03 08:11:56
1407,Voluptatibus,asperiores,910.66,2025-01-25 20:50:56
1408,Occaecati,amet,239.38,2023-06-02 16:14:55
1409,Aperiam,recusandae,916.64,2023-08-19 12:53:52
1410,Laboriosam,quasi,195.61,2023-08-09 13:29:36
1411,Laboriosam,excepturi,1072.36,2025-02-06 08:09:52
1412,Impedit,dignissimos,497.57,2024-01-08 17:59:00
1413,Exercitationem,laudantium,1148.28,2023-04-04 11:40:25
1414,A,maxime,597.53,2024-11-03 06:25:37
1415,Atque,fugiat,172.98,2023-08-01 17:15:09
1416,Consequuntur,ad,792.88,2023-11-21 16:55:48
1417,Veritatis,veniam,364.54,2023-05-14 09:21:20
1418,Nihil,quasi,1783.91,2023-03-03 19:58:26
1419,Accusantium,vero,1794.79,2024-09-01 07:47:09
1420,Tenetur,exercitationem,1785.24,2025-07-24 18:39:50
1421,Reiciendis,quasi,1280.64,2025-07-09 10:51:58
1422,Ratione,fugit,1426.71,2024-09-26 05:20:59
1423,Ab,quos,129.04,2025-05-20 21:02:24
1424,Iusto,in,386.01,2025-05-26 22:00:35
1425,Dignissimos,fugit,788.53,2023-03-14 01:05:55
1426,Esse,iusto,1415.18,2025-05-03 03:40:05
1427,Necessitatibus,nemo,228.49,2023-02-21 02:14:56
1428,Nam,ratione,1708.39,2024-01-12 21:36:05
1429,Ullam,eaque,1302.62,2024-02-10 14:07:13
1430,Veniam,quidem,1437.41,2024-03-02 17:39:05
1431,Tempore,quas,910.79,2025-03-01 17:11:35
1432,Eaque,beatae,402.54,2025-05-14 04:45:11
1433,Unde,incidunt,1513.35,2023-01-24 21:17:27
1434,In,dignissimos,476.0,2024-04-28 10:56:21
1435,Eos,laborum,1526.23,2023-01-22 11:49:49
1436,Ullam,tempore,194.55,2025-05-21 21:33:37
1437,Cupiditate,explicabo,370.42,2025-04-05 22:32:55
1438,Vel,laboriosam,555.89,2024-04-29 12:33:50
1439,Dolorem,pariatur,1180.41,2025-06-30 03:59:39
1440,Explicabo,provident,755.86,2025-07-15 02:02:51
1441,Ut,explicabo,731.75,2023-11-26 16:09:43
1442,Pariatur,maiores,152.34,2024-01-27 17:21:12
1443,Reiciendis,unde,72.98,2024-05-27 01:07:14
1444,Odio,eum,1396.63,2024-10-30 23:41:58
1445,Tempore,porro,809.0,2024-10-18 07:08:13
1446,Impedit,quas,224.49,2023-05-03 22:49:07
1447,Veniam,quo,1516.86,2024-08-30 01:25:23
1448,Impedit,sint,335.65,2025-07-27 03:52:26
1449,Magni,impedit,1985.62,2024-08-11 00:48:09
1450,Autem,porro,643.33,2025-11-07 22:05:44
1451,Sequi,veniam,505.2,2024-06-16 06:09:33
1452,Assumenda,perspiciatis,1425.91,2022-12-18 03:45:28
1453,Corporis,cum,317.03,2025-06-22 11:53:55
1454,Porro,ad,238.26,2023-04-10 04:18:01
1455,Veniam,praesentium,57.5,2023-08-10 10:01:25
1456,Tempora,fuga,1870.24,2023-01-25 05:56:26
1457,Modi,magnam,146.56,2023-10-01 18:46:01
1458,Autem,vitae,426.46,2023-11-17 10:28:59
1459,Voluptatum,laudantium,1978.98,2024-10-18 19:58:14
1460,Natus,officiis,37.07,2023-01-09 05:42:19
1461,Alias,ipsum,132.91,2025-01-21 03:17:36
1462,Molestias,eum,988.97,2024-05-10 18:51:19
1463,Harum,sapiente,156.37,2023-02-11 14:24:51
1464,Dignissimos,quo,1711.62,2025-05-08 07:30:37
1465,Iure,accusamus,1274.37,2025-02-03 12:58:48
1466,Dolorem,corrupti,922.97,2024-03-19 20:43:48
1467,Neque,quis,1237.68,2023-10-27 20:08:10
1468,Animi,incidunt,381.06,2024-08-13 13:12:02
1469,Eos,sunt,696.39,2024-07-26 12:57:43
1470,Nam,accusantium,1227.8,2024-08-04 04:03:09
1471,Similique,corporis,1567.33,2023-07-03 17:11:26
1472,Modi,accusamus,39.12,2024-08-02 17:26:18
1473,Voluptas,iste,1703.41,2025-01-25 05:30:38
1474,Id,possimus,432.63,2023-01-28 03:34:40
1475,Aliquam,deserunt,425.08,2025-03-13 07:51:40
1476,Recusandae,quaerat,1784.52,2025-01-10 16:27:29
1477,Ducimus,nihil,76.81,2023-10-03 21:45:09
1478,Maiores,sint,1873.43,2023-09-02 21:26:04
1479,Suscipit,quo,1432.59,2023-09-22 05:18:44
1480,Quia,ipsum,344.28,2023-12-31 18:48:05
1481,Nemo,non,1808.37,2025-04-25 17:37:21
1482,Dignissimos,beatae,905.63,2025-01-02 21:47:29
1483,Unde,dolor,1095.07,2023-01-03 07:40:53
1484,Exercitationem,fugiat,157.53,2024-06-27 01:09:59
1485,Adipisci,expedita,1808.75,2023-05-11 00:37:01
1486,Nihil,aspernatur,1067.19,2024-06-01 18:04:20
1487,Itaque,reiciendis,786.56,2025-02-18 04:33:20
1488,Vero,accusantium,900.27,2022-12-12 21:47:42
1489,Neque,veritatis,709.66,2025-11-08 07:25:28
1490,Ducimus,magnam,1007.82,2023-08-08 03:41:25
1491,Exercitationem,nobis,248.09,2024-08-12 22:56:51
1492,Molestiae,itaque,1856.33,2025-08-21 12:29:27
1493,Saepe,occaecati,1611.6,2023-12-13 23:43:57
1494,Sed,inventore,709.04,2023-07-03 04:43:17
1495,Maxime,vel,228.9,2024-08-26 23:33:08
1496,Numquam,aliquid,634.04,2025-10-31 17:03:18
1497,Iure,laudantium,554.55,2025-06-22 13:18:15
1498,Sequi,quaerat,668.32,2025-04-17 23:43:16
1499,Commodi,excepturi,704.0,2023-02-14 14:21:49
1500,Excepturi,similique,1668.29,2023-10-30 16:54:39
1501,Quae,quae,952.55,2025-04-25 17:20:56
1502,Et,fuga,948.04,2024-01-08 15:45:06
1503,Id,vitae,372.02,2024-05-16 16:08:24
1504,Facilis,deleniti,62.55,2024-08-12 12:37:12
1505,Laboriosam,expedita,1270.61,2023-02-08 05:19:00
1506,Magni,consequuntur,1631.03,2024-07-08 15:06:14
1507,Tenetur,quas,1559.33,2025-07-29 23:54:30
1508,Dignissimos,officiis,1520.87,2023-07-18 03:49:19
1509,Hic,quaerat,145.84,2024-08-04 20:50:15
1510,Ullam,nostrum,531.64,2023-01-19 17:07:33
1511,Doloremque,dolore,914.99,2023-11-22 23:00:51
1512,Inventore,soluta,1542.03,2024-05-27 09:15:25
1513,Voluptates,similique,525.77,2025-07-02 11:58:51
1514,Ipsa,officiis,1891.58,2024-10-12 03:40:06
1515,Aliquid,ipsum,239.15,2024-12-13 18:03:55
1516,Dolor,quam,944.1,2025-04-02 04:29:38
1517,Eius,explicabo,1290.22,2023-03-05 15:21:04
1518,Minima,occaecati,1441.97,2023-07-11 12:46:20
1519,Voluptate,quos,1814.56,2024-04-29 14:38:57
1520,Ratione,voluptates,795.03,2025-03-21 06:16:43
1521,Harum,aspernatur,1406.91,2024-12-20 18:32:09
1522,Praesentium,magnam,1759.55,2023-07-24 17:19:06
1523,Blanditiis,culpa,1145.46,2024-07-10 17:53:07
1524,Perspiciatis,maxime,465.82,2023-12-05 18:19:18
1525,Ipsam,quae,96.74,2024-10-29 16:41:26
1526,Dolorum,perspiciatis,288.25,2024-10-17 15:23:43
1527,Velit,modi,1241.0,2025-10-18 17:42:31
1528,Velit,quae,1869.64,2023-04-06 07:46:03
1529,Dolor,quo,347.93,2025-07-03 20:21:21
1530,Molestias,non,1715.07,2024-10-17 19:26:14
1531,Consequatur,laboriosam,278.68,2024-01-24 12:32:15
1532,Harum,totam,386.07,2023-09-15 21:12:36
1533,Minima,dolore,1931.59,2024-11-11 10:53:41
1534,Impedit,non,1961.46,2025-11-13 22:19:01
1535,Ea,culpa,182.01,2023-10-19 05:10:41
1536,Consequatur,nemo,1939.78,2023-04-13 13:08:12
1537,Quod,atque,842.46,2024-02-29 17:18:50
1538,Iste,expedita,819.76,2023-07-13 08:09:26
1539,Atque,cumque,1662.05,2023-08-07 12:33:58
1540,Illo,molestias,110.18,2024-08-12 08:22:49
1541,Ad,numquam,683.38,2024-10-02 06:07:30
1542,A,est,652.67,2025-02-16 12:43:14
1543,Optio,quidem,1640.28,2025-08-27 07:21:30
1544,Exercitationem,temporibus,902.65,2025-04-25 05:04:55
1545,Vel,rerum,1081.71,2023-06-11 22:10:13
1546,Dicta,commodi,1795.54,2024-03-24 18:36:02
1547,Eveniet,ipsam,456.69,2025-04-04 00:57:16
1548,Officia,accusamus,1674.53,2024-11-17 20:21:35
1549,Sit,a,130.9,2025-04-29 15:00:03
1550,In,mollitia,1563.22,2023-04-03 06:10:20
1551,Est,reprehenderit,1469.02,2024-08-26 07:06:42
1552,Enim,quos,1801.23,2023-07-04 21:10:32
1553,Est,inventore,1729.3,2023-11-03 03:05:44
1554,Eveniet,magnam,330.84,2023-09-22 19:34:09
1555,Adipisci,sed,182.57,2023-12-27 18:33:51
1556,Neque,voluptatum,54.81,2025-04-16 05:47:40
1557,Repellat,dolor,1402.71,2023-08-13 10:56:38
1558,Doloribus,fugiat,750.01,2023-12-28 11:31:56
1559,Optio,sequi,1534.28,2024-09-15 01:26:13
1560,Molestias,ipsum,1829.76,2024-11-13 12:48:35
1561,Voluptatibus,aliquam,1500.74,2024-07-24 06:08:36
1562,Non,saepe,1713.27,2024-02-25 02:15:20
1563,Atque,non,187.64,2023-01-23 00:29:58
1564,Eaque,eos,176.13,2022-12-15 11:07:03
1565,Natus,animi,1658.11,2024-07-16 22:06:51
1566,Illo,dolores,559.86,2024-05-22 13:14:51
1567,Laborum,voluptatibus,53.47,2025-06-21 22:27:59
1568,Quae,quia,636.47,2024-01-10 20:15:21
1569,Nemo,perspiciatis,405.0,2025-02-22 06:55:28
1570,Fugiat,earum,747.66,2023-07-01 22:06:37
1571,Laborum,impedit,1827.27,2024-07-24 13:09:13
1572,Illum,enim,571.82,2024-03-30 02:37:41
1573,Mollitia,aperiam,691.23,2023-05-31 14:10:06
1574,Dignissimos,perferendis,1805.0,2023-01-25 11:21:06
1575,Aspernatur,fugiat,775.77,2025-02-06 11:27:01
1576,Est,iusto,1360.8,2022-11-26 04:29:31
1577,Commodi,voluptate,519.46,2023-11-30 12:28:37
1578,Voluptas,dolore,143.96,2025-09-01 21:37:51
1579,Nulla,nostrum,1590.78,2024-10-09 06:42:10
1580,Harum,voluptatum,1083.26,2024-06-15 00:12:02
1581,Vero,animi,1124.17,2023-10-20 00:08:29
1582,Distinctio,reprehenderit,975.94,2024-11-30 20:52:07
1583,Eveniet,ea,1778.66,2024-09-25 23:23:20
1584,Cum,ratione,164.56,2023-07-28 14:43:06
1585,Corrupti,occaecati,1958.28,2025-03-09 15:26:26
1586,Recusandae,amet,1619.99,2023-04-16 19:19:04
1587,Quae,expedita,1588.59,2024-02-28 03:01:02
1588,Dignissimos,rem,1387.74,2024-12-29 00:42:46
1589,Quia,natus,269.77,2023-12-14 18:04:11
1590,Sed,incidunt,181.4,2024-02-07 00:30:17
1591,Nisi,debitis,789.25,2023-07-15 17:22:45
1592,Quae,nesciunt,669.42,2024-09-14 22:19:53
1593,Similique,reprehenderit,1199.0,2025-07-13 19:56:57
1594,Dolorum,ipsam,1921.33,2024-09-02 06:29:18
1595,Quas,quas,1422.85,2025-01-07 21:52:43
1596,Rem,maxime,357.04,2023-07-08 10:07:24
1597,Saepe,fugit,436.12,2023-05-01 21:56:29
1598,Ipsa,error,238.76,2023-02-05 04:54:17
1599,Iure,ab,812.9,2023-09-10 03:43:45
1600,Earum,id,887.88,2024-08-13 08:27:41
1601,Magnam,quas,1967.84,2023-12-22 20:56:03
1602,Ut,alias,636.46,2025-09-19 20:20:46
1603,Accusamus,laborum,78.06,2023-07-19 03:13:31
1604,Odio,repellendus,19.39,2023-10-07 04:44:25
1605,Provident,expedita,1658.03,2024-02-05 03:09:10
1606,Neque,beatae,1876.05,2023-01-31 23:42:24
1607,Eligendi,sapiente,358.04,2025-09-14 01:00:45
1608,Iure,quae,1551.15,2025-11-11 03:13:49
1609,Impedit,placeat,937.13,2023-04-09 20:32:44
1610,Nisi,perspiciatis,743.78,2023-12-06 10:57:33
1611,Voluptate,occaecati,1908.55,2024-11-27 13:16:03
1612,Nemo,cum,506.27,2023-08-24 04:50:45
1613,Laboriosam,tenetur,1843.32,2024-12-21 12:15:08
1614,Ad,ducimus,316.22,2023-02-02 11:53:45
1615,Ad,earum,700.4,2025-06-17 09:40:52
1616,Eos,iste,471.27,2023-09-06 19:56:32
1617,Ratione,impedit,318.48,2024-10-13 14:19:17
1618,Eum,facilis,1031.43,2023-09-03 10:01:15
1619,Impedit,sed,522.31,2024-01-16 00:56:19
1620,Ab,tempora,1041.31,2025-01-09 08:32:32
1621,Temporibus,ad,121.53,2023-10-17 06:00:43
1622,Possimus,nulla,118.37,2025-02-28 00:35:42
1623,Quae,illo,257.63,2024-12-29 01:28:25
1624,Ipsum,excepturi,1124.51,2024-12-12 09:54:00
1625,Ex,maxime,390.68,2024-12-18 16:04:19
1626,Numquam,adipisci,1264.13,2022-12-04 10:30:03
1627,Odit,odit,316.44,2022-12-11 08:20:21
1628,Veniam,ipsam,1428.23,2024-01-08 05:20:45
1629,Laborum,tempora,312.78,2023-02-15 09:52:56
1630,Possimus,eligendi,791.8,2025-04-07 19:58:45
1631,Fugiat,sed,657.8,2024-02-12 14:11:43
1632,Sed,asperiores,1865.73,2023-07-21 15:14:56
1633,Est,earum,1758.39,2023-10-21 10:44:35
1634,Cumque,officia,692.19,2024-04-10 19:10:25
1635,Exercitationem,facere,540.54,2023-02-21 00:42:27
1636,Impedit,soluta,1082.3,2023-11-22 17:48:17
1637,Sit,praesentium,359.91,2024-08-17 15:58:16
1638,Minima,non,603.85,2025-02-27 03:50:55
1639,Illo,impedit,623.69,2024-10-18 13:03:10
1640,Assumenda,at,569.6,2025-10-17 15:14:13
1641,Ut,eum,720.08,2024-07-06 09:36:53
1642,Animi,cum,31.68,2023-11-01 06:43:46
1643,Dolorem,saepe,1549.34,2025-10-24 01:59:50
1644,Aliquam,culpa,133.13,2025-09-06 03:00:06
1645,Culpa,et,1581.77,2023-12-19 22:15:50
1646,Quod,illum,316.08,2023-08-25 08:57:52
1647,Eaque,ut,361.24,2023-07-22 12:05:49
1648,Cumque,possimus,423.18,2023-01-19 21:33:14
1649,Velit,aperiam,183.66,2024-06-17 06:32:50
1650,Maxime,incidunt,1578.74,2025-05-30 20:50:20
1651,Consequatur,alias,405.4,2025-04-06 14:11:23
1652,Ut,at,667.51,2024-12-18 11:29:22
1653,Quam,sequi,1045.64,2024-12-02 17:42:55
1654,Optio,quo,923.21,2024-04-18 03:39:38
1655,Odio,tempora,57.12,2025-04-07 01:32:41
1656,Minima,voluptatibus,1557.96,2025-07-20 01:49:17
1657,Tenetur,quod,780.32,2023-10-11 11:54:50
1658,Ipsam,minus,90.96,2024-06-14 00:59:42
1659,Dolorum,ut,1672.45,2025-06-05 12:10:21
1660,Hic,possimus,1625.79,2024-03-17 22:32:46
1661,Occaecati,tempore,1162.29,2023-08-28 22:09:18
1662,Quos,ipsum,1744.55,2024-05-30 23:23:56
1663,Molestias,earum,1314.86,2022-12-27 14:08:02
1664,Incidunt,sunt,224.64,2025-01-11 20:11:22
1665,Pariatur,eaque,487.15,2023-02-07 06:43:42
1666,Quidem,unde,505.11,2023-09-02 04:53:07
1667,Corporis,provident,1728.43,2023-01-28 10:10:19
1668,Pariatur,sunt,1229.01,2024-10-29 10:18:06
1669,Consequuntur,cum,1653.37,2024-02-04 13:36:57
1670,Corporis,est,680.06,2025-02-16 05:28:33
1671,Voluptatibus,sed,448.06,2025-08-02 04:14:50
1672,Ratione,perspiciatis,1469.89,2023-06-29 12:40:23
1673,Facilis,facere,956.22,2025-05-04 01:03:36
1674,Provident,earum,244.42,2024-05-21 17:17:03
1675,Aperiam,exercitationem,958.11,2023-09-23 13:11:16
1676,Molestiae,debitis,1451.96,2023-12-18 11:16:24
1677,Officia,magni,1283.68,2024-09-15 22:58:31
1678,Corporis,reiciendis,1340.6,2024-03-19 00:19:25
1679,Quidem,quam,1736.37,2025-08-13 13:14:12
1680,Iste,iure,1429.08,2023-04-19 22:21:46
1681,Illo,quibusdam,1065.49,2024-01-22 06:52:41
1682,Animi,doloremque,1596.55,2025-10-11 12:29:02
1683,Impedit,deserunt,1453.33,2024-12-29 16:55:40
1684,Beatae,harum,1613.28,2024-05-16 22:02:40
1685,Ducimus,placeat,273.34,2023-01-28 05:41:10
1686,Voluptate,ea,188.67,2023-07-12 19:20:57
1687,Similique,repellendus,648.44,2024-11-05 05:44:11
1688,Iste,similique,114.84,2025-11-10 18:01:30
1689,Facilis,reprehenderit,1158.9,2024-12-05 05:04:54
1690,Consequuntur,at,1807.35,2025-04-09 14:57:58
1691,Vel,quas,923.99,2023-10-06 15:48:56
1692,Laborum,maiores,1694.52,2025-09-16 11:56:07
1693,Eveniet,aperiam,410.87,2024-11-11 10:35:01
1694,Ipsa,ut,325.21,2024-05-16 01:33:30
1695,Cupiditate,repudiandae,660.93,2024-04-23 16:28:03
1696,Iure,sint,245.79,2025-01-15 18:05:08
1697,Dignissimos,odit,236.92,2025-09-22 13:11:18
1698,Numquam,quam,1898.52,2024-02-21 03:25:48
1699,Omnis,itaque,1651.03,2023-01-24 09:12:00
1700,Autem,voluptatum,698.18,2024-10-07 07:16:55
1701,Aliquid,assumenda,1645.85,2025-08-28 01:47:48
1702,Facere,deleniti,1431.8,2023-02-14 02:46:13
1703,Assumenda,voluptatem,1066.8,2025-08-31 08:00:18
1704,Odio,at,130.57,2023-03-21 20:38:12
1705,Nostrum,iste,525.6,2025-06-29 12:22:36
1706,At,autem,1961.19,2025-03-26 04:46:33
1707,Sequi,mollitia,1025.49,2025-08-14 11:11:41
1708,Cum,ab,665.82,2024-09-26 17:20:58
1709,Ex,tenetur,1361.3,2024-11-21 12:28:45
1710,Placeat,distinctio,1943.5,2024-01-04 09:08:14
1711,Eius,deserunt,156.17,2025-03-10 06:07:21
1712,Doloribus,illo,242.84,2024-12-31 06:41:19
1713,Quisquam,error,1843.2,2025-05-23 05:42:24
1714,Expedita,accusantium,1947.66,2022-12-19 16:28:29
1715,Saepe,fugit,1457.15,2025-01-20 01:02:19
1716,Eligendi,maxime,1373.36,2024-02-20 02:18:16
1717,Eaque,neque,729.77,2024-09-12 21:22:08
1718,Tempore,molestias,174.88,2025-08-15 06:22:53
1719,Provident,eligendi,205.1,2024-10-26 09:41:04
1720,Nisi,ipsum,315.54,2024-03-20 10:31:17
1721,Nihil,veniam,1693.37,2023-03-29 15:59:51
1722,Ratione,occaecati,597.01,2024-08-08 05:49:48
1723,Maxime,ipsam,311.54,2024-11-20 12:12:01
1724,Consectetur,debitis,911.84,2024-11-09 13:05:53
1725,Provident,ad,115.71,2024-11-13 02:37:02
1726,Totam,odio,1229.29,2025-02-07 21:15:11
1727,Sint,quo,1124.7,2023-02-08 15:56:57
1728,Magni,amet,1599.72,2025-08-14 10:33:31
1729,Perspiciatis,ipsa,186.45,2023-08-02 05:08:25
1730,Ut,temporibus,1159.63,2024-02-06 17:20:30
1731,Tempora,odit,1534.88,2024-04-22 15:33:59
1732,Distinctio,alias,1170.17,2023-03-30 05:14:36
1733,Voluptas,atque,1118.82,2024-08-11 18:51:10
1734,At,quidem,249.38,2023-04-09 09:18:12
1735,Voluptatum,rem,1034.72,2025-02-12 15:27:23
1736,Eveniet,aperiam,301.2,2023-12-06 09:08:42
1737,Veritatis,voluptates,939.47,2024-02-27 21:19:37
1738,Dignissimos,sunt,867.25,2025-02-19 01:49:17
1739,Possimus,occaecati,433.22,2024-10-15 10:46:04
1740,Placeat,earum,543.14,2025-09-23 23:37:39
1741,Vel,aliquam,597.03,2025-07-04 17:02:09
1742,Nihil,vitae,375.61,2024-12-20 06:08:38
1743,Qui,architecto,1153.68,2024-06-24 04:19:47
1744,Nemo,id,1795.24,2024-02-10 02:37:44
1745,Voluptatem,quae,1358.42,2023-05-14 00:42:14
1746,Odit,neque,1489.19,2024-07-10 01:45:31
1747,Libero,minus,328.22,2023-11-19 21:05:53
1748,At,architecto,53.81,2024-11-12 04:25:17
1749,Laborum,adipisci,1241.55,2023-08-03 15:56:04
1750,Animi,hic,925.21,2025-06-26 04:09:26
1751,Beatae,provident,530.75,2023-12-25 18:53:35
1752,Qui,quod,1180.88,2023-04-28 15:52:28
1753,Quisquam,iure,1696.16,2024-07-24 08:17:00
1754,Hic,quibusdam,700.42,2025-06-11 00:44:01
1755,Asperiores,magni,71.55,2024-06-10 04:01:42
1756,Excepturi,nulla,1513.66,2024-02-26 01:38:39
1757,Voluptas,unde,513.7,2024-02-10 15:55:10
1758,Iste,possimus,1183.17,2023-04-17 19:41:56
1759,Tempora,sed,974.04,2022-12-03 04:53:48
1760,Et,magnam,513.02,2023-06-27 00:45:56
1761,Laborum,reiciendis,1871.04,2024-11-11 04:12:48
1762,Quibusdam,nam,774.61,2024-03-22 17:10:56
1763,Voluptatem,pariatur,1944.82,2023-07-03 05:25:37
1764,Maiores,eligendi,90.81,2023-06-17 14:51:50
1765,Neque,vero,1692.23,2024-08-02 20:54:09
1766,Animi,sapiente,1118.64,2025-08-25 01:19:00
1767,Officia,quas,700.42,2025-04-02 17:32:48
1768,Doloribus,blanditiis,1845.24,2024-06-02 11:51:52
1769,Et,sed,1786.01,2024-05-26 14:32:24
1770,Asperiores,recusandae,1619.01,2025-03-16 04:30:11
1771,Fugiat,nisi,1759.04,2024-02-02 17:33:15
1772,Totam,a,775.25,2023-03-24 04:52:42
1773,Ad,asperiores,863.88,2023-05-06 08:37:09
1774,Sequi,exercitationem,1002.52,2022-12-22 13:07:07
1775,Vel,nesciunt,996.95,2025-10-13 07:27:59
1776,Inventore,non,1444.75,2024-10-27 03:41:34
1777,Non,itaque,1681.33,2025-04-22 06:55:39
1778,Eaque,excepturi,377.86,2025-09-12 07:44:12
1779,Dolores,iste,1750.67,2023-12-08 09:51:15
1780,Dolores,saepe,547.43,2023-03-06 19:21:04
1781,Adipisci,veritatis,189.72,2024-03-12 21:47:19
1782,Incidunt,odio,1790.92,2024-03-09 01:54:17
1783,Expedita,odit,941.15,2024-06-30 16:38:09
1784,Distinctio,libero,1726.78,2023-04-09 14:39:59
1785,Similique,esse,1241.03,2024-01-31 05:21:29
1786,Quod,porro,1982.76,2024-11-26 15:44:21
1787,Placeat,consequatur,555.15,2024-05-31 15:42:38
1788,Cumque,cupiditate,1698.67,2024-07-07 01:58:39
1789,Praesentium,cupiditate,1155.95,2023-09-28 05:44:08
1790,Sit,consequatur,1220.95,2023-06-16 00:04:07
1791,Necessitatibus,similique,1140.87,2024-03-10 20:51:36
1792,Maiores,alias,1810.5,2025-06-25 13:53:36
1793,Impedit,eos,179.46,2024-11-25 04:53:06
1794,Velit,delectus,246.45,2023-09-09 06:42:00
1795,Numquam,molestiae,609.61,2024-03-21 19:46:41
1796,Delectus,dolorum,354.36,2024-01-01 21:40:32
1797,Perspiciatis,tempora,563.39,2023-07-09 09:58:51
1798,Esse,dolor,1675.87,2023-06-27 01:08:51
1799,Fugit,ea,1271.71,2024-09-12 08:04:52
1800,A,assumenda,410.35,2024-01-20 22:31:12
1801,Possimus,voluptatibus,1655.98,2023-12-22 08:28:04
1802,Dignissimos,praesentium,1726.93,2025-07-23 17:10:42
1803,Labore,aut,295.46,2025-08-11 23:57:59
1804,Quia,cum,293.58,2024-12-11 05:08:10
1805,Cupiditate,voluptatibus,1194.07,2025-04-03 10:44:04
1806,Ut,deleniti,1707.39,2024-07-20 12:59:33
1807,Aliquid,autem,1741.6,2024-11-26 21:01:12
1808,Dolorum,voluptates,338.68,2022-12-10 14:44:36
1809,Ad,quae,350.24,2022-12-21 17:55:32
1810,Ab,officia,92.57,2023-12-07 21:35:08
1811,Dignissimos,repellat,775.11,2025-02-21 00:44:33
1812,Tempore,optio,1797.55,2024-08-17 00:07:32
1813,Labore,ex,436.27,2025-07-28 03:51:46
1814,Velit,consequatur,527.23,2023-12-19 04:55:01
1815,Dolores,quam,1692.43,2024-08-21 06:12:56
1816,Ducimus,placeat,390.18,2024-03-13 04:51:38
1817,Optio,incidunt,663.57,2023-10-05 04:03:04
1818,Numquam,nemo,696.25,2023-02-05 22:04:26
1819,Dolores,architecto,881.98,2024-07-30 17:03:17
1820,Vel,occaecati,1356.87,2023-08-16 21:54:19
1821,Excepturi,ratione,1196.16,2025-04-04 04:09:59
1822,Vero,similique,1417.41,2025-07-29 15:25:06
1823,Omnis,quidem,1528.13,2023-05-26 15:18:14
1824,Earum,aperiam,296.84,2023-02-21 21:09:47
1825,Est,alias,1111.35,2024-03-14 05:48:47
1826,Unde,reiciendis,1958.37,2024-07-20 22:31:01
1827,Autem,minus,924.47,2024-09-14 04:02:50
1828,Asperiores,deleniti,32.05,2023-06-20 18:13:20
1829,Modi,culpa,1023.87,2023-08-07 07:07:17
1830,Quod,itaque,1170.23,2023-03-12 21:07:44
1831,Eaque,quaerat,1160.8,2024-07-14 11:16:45
1832,Provident,eaque,1542.39,2024-11-03 09:52:49
1833,Doloribus,hic,1364.35,2024-02-16 18:13:40
1834,Vel,quasi,1157.21,2025-03-04 12:25:21
1835,Eligendi,ea,517.7,2023-09-24 13:58:14
1836,Tenetur,quo,252.8,2023-12-18 14:07:04
1837,Quod,sunt,591.63,2025-09-22 07:06:49
1838,Eaque,fugiat,1596.31,2023-03-23 04:16:03
1839,Quia,vero,1979.23,2025-04-22 14:49:18
1840,Facere,inventore,871.49,2025-07-27 03:59:33
1841,Amet,incidunt,1013.02,2025-10-01 12:35:57
1842,Eligendi,itaque,1253.66,2023-11-22 10:18:00
1843,Est,excepturi,1445.94,2024-04-21 14:04:08
1844,Aut,doloremque,1833.79,2023-12-21 08:57:13
1845,Voluptatem,omnis,1890.82,2025-08-11 07:29:24
1846,Sed,repellendus,1694.16,2025-05-11 22:22:10
1847,Earum,est,380.27,2025-03-06 07:00:01
1848,Saepe,dignissimos,218.93,2025-11-14 13:05:40
1849,Provident,repellendus,940.14,2025-01-24 01:12:52
1850,Expedita,totam,659.79,2024-08-16 00:08:15
1851,In,facere,1785.6,2025-05-26 22:33:00
1852,Nobis,quia,819.98,2023-07-28 16:02:16
1853,Quas,vitae,1098.44,2024-05-15 02:11:02
1854,Aliquam,omnis,1227.9,2023-07-17 00:40:51
1855,Et,incidunt,1586.57,2024-08-03 19:32:15
1856,Quas,illum,642.95,2023-12-30 16:03:18
1857,Consectetur,quis,503.43,2024-12-05 21:55:41
1858,Blanditiis,perspiciatis,600.06,2023-05-24 22:08:08
1859,Nobis,illum,227.63,2025-01-24 03:40:33
1860,Vel,necessitatibus,1754.19,2023-08-20 11:53:21
1861,Deserunt,totam,1575.55,2023-03-05 15:34:45
1862,Veritatis,in,1158.3,2024-04-29 09:54:19
1863,Numquam,voluptatibus,1949.31,2023-10-26 18:34:20
1864,Enim,dignissimos,1643.93,2023-04-29 15:09:55
1865,Amet,expedita,1531.87,2022-12-01 17:03:02
1866,Perspiciatis,incidunt,1509.91,2024-04-17 01:13:21
1867,Voluptates,sit,212.51,2023-06-20 16:18:08
1868,Blanditiis,provident,1577.76,2023-10-12 16:47:12
1869,Debitis,non,1182.2,2023-10-22 11:38:45
1870,Vel,voluptates,790.87,2023-11-27 08:17:42
1871,Eum,voluptate,1891.98,2022-12-18 01:36:32
1872,Aliquam,totam,205.59,2024-11-15 05:15:33
1873,Assumenda,amet,352.29,2025-02-22 16:56:18
1874,Ab,numquam,326.82,2025-06-11 11:03:48
1875,Totam,placeat,405.51,2023-03-30 17:37:32
1876,Asperiores,aliquid,1804.16,2024-05-20 10:38:48
1877,Facere,tempora,1115.0,2024-02-15 00:19:32
1878,Magnam,iste,1304.08,2023-04-27 23:58:07
1879,Accusamus,nisi,508.97,2024-12-19 01:17:41
1880,Soluta,laborum,480.21,2025-10-01 16:56:15
1881,Ab,numquam,60.7,2025-04-03 22:50:42
1882,Repellendus,culpa,662.76,2024-11-12 05:10:10
1883,Cum,hic,1293.08,2025-05-07 15:43:52
1884,Facere,fugiat,502.33,2024-12-23 09:51:12
1885,Possimus,id,1647.17,2023-05-11 04:19:36
1886,Placeat,nisi,613.06,2023-12-22 23:11:29
1887,Quam,nesciunt,1245.09,2024-11-24 23:46:37
1888,Nostrum,quidem,571.31,2023-01-02 18:10:19
1889,Corrupti,adipisci,1709.47,2025-05-17 05:24:19
1890,Non,nesciunt,771.16,2022-12-20 22:19:21
1891,Suscipit,magnam,1657.93,2023-06-17 06:37:39
1892,Fugit,vel,967.3,2024-08-03 22:30:12
1893,Laboriosam,exercitationem,1346.14,2022-11-26 20:07:26
1894,Cumque,quidem,1428.77,2025-07-15 11:34:41
1895,Sapiente,dolorum,513.02,2024-08-18 20:14:00
1896,Voluptatum,hic,1469.29,2023-11-16 04:55:31
1897,Molestiae,nemo,672.5,2023-02-20 08:31:54
1898,Natus,nobis,1855.45,2023-06-04 23:00:34
1899,Consequuntur,delectus,334.56,2024-12-21 04:25:41
1900,Excepturi,illum,1248.62,2022-12-17 13:04:33
1901,Laboriosam,delectus,1628.35,2024-03-04 19:59:42
1902,Magnam,ipsum,1185.96,2023-03-01 17:01:34
1903,Ea,labore,1181.48,2024-05-22 09:18:22
1904,Voluptatum,eaque,337.1,2025-05-29 09:11:49
1905,Deserunt,quaerat,1971.02,2024-04-12 15:41:19
1906,Delectus,labore,1872.18,2025-11-18 15:49:23
1907,Cum,autem,1534.79,2025-08-06 14:31:53
1908,Voluptatibus,ea,734.94,2024-12-09 09:46:30
1909,Inventore,eum,1785.16,2023-12-13 03:15:20
1910,Ullam,illum,1335.73,2025-03-23 22:14:35
1911,Laboriosam,in,1382.68,2025-06-16 19:31:03
1912,Sed,at,196.17,2024-02-01 00:59:52
1913,Doloremque,commodi,1686.96,2023-12-03 03:06:47
1914,Alias,quaerat,1076.78,2025-04-29 17:06:32
1915,Eum,numquam,1564.49,2025-08-29 05:38:07
1916,Ipsam,dolorum,1769.84,2024-12-31 23:59:12
1917,A,deleniti,176.07,2024-08-15 12:15:41
1918,Neque,nemo,1304.81,2023-04-07 00:04:12
1919,Eaque,neque,812.04,2024-04-10 14:57:02
1920,Provident,et,709.94,2024-10-28 16:18:05
1921,Libero,natus,1850.91,2025-08-07 17:33:38
1922,Minus,minima,1497.13,2024-01-03 10:25:17
1923,Quia,rerum,843.27,2024-07-13 14:07:17
1924,Fugiat,consequatur,1758.83,2025-09-05 05:18:19
1925,Quisquam,ipsum,1716.78,2023-01-06 20:16:05
1926,Laboriosam,ea,1210.69,2024-12-27 07:10:50
1927,Dolore,soluta,1588.13,2023-07-20 14:33:32
1928,Esse,eveniet,401.3,2023-11-24 20:51:47
1929,Accusamus,at,956.18,2025-04-14 15:58:42
1930,Et,repellendus,125.62,2023-05-02 19:26:26
1931,Debitis,unde,1058.04,2025-04-26 15:27:20
1932,Quisquam,numquam,1994.02,2025-08-06 23:08:00
1933,Optio,quia,650.04,2023-08-04 09:08:31
1934,Alias,voluptatum,75.79,2025-07-14 14:17:50
1935,Voluptates,natus,792.66,2025-06-22 18:10:54
1936,A,dolores,1926.97,2025-02-10 20:42:29
1937,Eaque,nostrum,1968.43,2024-06-09 15:07:31
1938,Explicabo,neque,1384.48,2023-02-08 19:39:35
1939,Eaque,sapiente,1876.92,2024-07-07 04:17:02
1940,Totam,ea,688.04,2025-02-25 06:54:00
1941,Officia,qui,1953.05,2024-09-11 00:16:01
1942,Eos,molestiae,1471.0,2024-07-14 11:56:45
1943,Est,facere,1613.62,2023-10-16 16:29:26
1944,In,non,979.08,2023-08-02 16:42:54
1945,Quam,veritatis,753.59,2024-01-13 02:42:34
1946,Consectetur,similique,1321.42,2025-04-30 10:10:34
1947,Voluptate,aspernatur,46.74,2025-10-13 22:30:06
1948,Molestiae,iste,792.87,2025-01-24 13:06:12
1949,Placeat,non,871.55,2025-07-29 19:58:14
1950,Accusantium,debitis,1137.78,2025-03-18 17:08:13
1951,Beatae,fugit,1018.61,2025-06-23 08:28:58
1952,Voluptatibus,necessitatibus,1850.62,2025-03-18 02:06:17
1953,Qui,assumenda,1748.57,2025-09-18 21:15:04
1954,Totam,aliquid,968.71,2023-05-03 19:30:56
1955,Cumque,sit,1961.0,2024-05-17 08:43:54
1956,Laborum,delectus,668.7,2023-04-24 04:56:32
1957,Quis,debitis,323.29,2024-12-17 19:19:54
1958,Accusamus,eaque,1661.2,2024-01-27 01:28:06
1959,Consequuntur,nemo,548.4,2025-08-14 13:15:07
1960,Atque,dolore,434.7,2025-06-10 20:31:55
1961,Aut,eum,50.55,2023-04-10 11:01:53
1962,Aspernatur,aliquid,890.47,2024-01-30 21:24:34
1963,Labore,animi,431.68,2024-10-30 03:48:43
1964,Beatae,tenetur,1484.98,2024-05-04 16:59:30
1965,Aspernatur,minus,1419.81,2024-08-15 13:19:00
1966,Porro,temporibus,1284.38,2023-02-27 03:03:58
1967,Nobis,quaerat,813.24,2023-10-22 07:17:23
1968,Aliquam,eum,1359.08,2025-02-05 09:27:47
1969,Nemo,nemo,408.65,2023-06-20 05:25:20
1970,Quas,recusandae,33.15,2025-05-16 00:46:15
1971,Similique,accusantium,1898.72,2024-01-04 21:45:18
1972,Molestias,magni,426.33,2024-05-22 06:01:06
1973,Nostrum,minus,1873.42,2023-03-20 02:28:28
1974,Aliquam,consequuntur,1846.79,2023-01-08 02:46:38
1975,Numquam,quis,760.48,2025-04-02 05:37:53
1976,Fugiat,nesciunt,1793.4,2024-04-28 04:11:11
1977,Modi,dicta,1352.77,2023-05-04 19:30:35
1978,Aspernatur,repellendus,1020.59,2025-01-23 17:06:43
1979,Repellat,perspiciatis,1870.59,2023-06-12 10:24:39
1980,Illum,illum,430.02,2025-07-23 23:16:02
1981,Consequatur,soluta,487.78,2024-07-30 12:24:55
1982,Non,illum,1239.79,2023-04-08 20:11:29
1983,Molestiae,aperiam,1411.07,2024-09-28 10:38:04
1984,Consequatur,reiciendis,345.66,2024-01-20 06:04:29
1985,Error,numquam,34.41,2025-10-18 11:27:19
1986,Culpa,inventore,992.71,2023-01-30 14:53:12
1987,Rem,expedita,1466.95,2023-01-31 04:19:13
1988,Blanditiis,quisquam,802.73,2023-09-12 13:48:27
1989,Eveniet,beatae,864.48,2023-07-02 01:29:09
1990,At,non,208.93,2024-02-25 00:20:36
1991,Sequi,voluptatum,1322.4,2024-10-05 10:02:09
1992,Fuga,ut,1470.54,2025-02-16 19:19:52
1993,Asperiores,facere,1026.77,2023-05-26 06:09:03
1994,Dolorum,nostrum,903.72,2022-12-22 07:55:30
1995,Voluptatem,dolor,1755.42,2025-08-04 23:27:12
1996,Explicabo,neque,646.53,2025-09-23 20:18:14
1997,Repellendus,maxime,1501.75,2024-08-02 03:46:09
1998,Ullam,quis,1046.24,2024-05-27 18:27:16
1999,Explicabo,iste,1447.92,2023-05-17 08:36:30
2000,Doloremque,blanditiis,233.01,2024-11-12 19:06:47
